userId,feedback,createdAt
17,Book minute agreement campaign woman mission. Town even daughter become sign machine.,2024-04-30 18:01:33
112,Why take serious upon nation medical run. According data themselves company.,2024-09-12 16:34:14
45,Remain travel their kid these south forward. Story to magazine task piece friend price.,2024-05-01 13:06:40
13,Night family have school. Knowledge assume body strategy deal nature.,2024-03-16 20:19:26
154,Republican sport somebody hit effort college fear. Man believe doctor finish expect.,2024-06-26 00:34:18
181,Begin case both current hand major compare. Raise yes hotel near. Type fall at majority.,2024-10-06 11:12:19
116,Quite always bar move particular away before fact. Serious civil nation point situation maybe.,2024-04-27 02:59:38
155,Concern well professor art present subject one. Expect rather group source your.,2024-05-25 00:47:38
72,Write even crime next. True meet develop college teacher scene store.,2024-02-05 20:32:16
129,"Election firm best food.
Value company must beautiful increase cause fish.",2024-03-30 23:49:48
186,None it more determine admit. Out lead artist both.,2024-02-29 18:39:00
50,Land data face stand quite once yes. Old human but field marriage school keep.,2024-08-02 04:07:19
46,Million entire next nation set usually. Who can arm become like. Piece court full increase.,2024-09-25 17:04:52
198,Young truth sport somebody job. Million safe wife price task news.,2024-06-26 00:33:11
199,Surface news individual.,2024-07-31 17:16:26
117,Up character color Democrat wait door yes. Window drop ask again fast response.,2024-02-09 07:46:00
61,Green girl stay usually Republican. Point push charge effect system free. Bed easy like him.,2024-01-03 12:28:04
194,Get indicate however citizen hundred set.,2024-02-20 14:21:59
135,Food prove military organization level forget. City deep size. Material can could wrong film.,2024-05-31 17:01:18
50,Team total budget statement business decision. Into until defense. Today computer staff.,2024-03-26 03:00:34
147,Against gun phone answer recent letter though. Good society right prepare finally development.,2024-05-09 08:18:14
41,Season should material first between. Individual message employee how finish child money I.,2024-05-07 23:10:43
77,Go him record low above.,2024-05-27 12:52:53
158,Myself car answer friend pretty. Goal leave hard throughout partner huge page.,2024-06-07 14:35:52
157,Foot environment turn listen very. Boy make medical shake me bed.,2024-01-23 09:13:23
84,Stay point method dinner room age. Visit pick view more space. Idea state kitchen occur break.,2024-03-04 11:27:18
185,Smile different popular first room.,2024-03-08 16:46:06
81,Throughout avoid soon level. Church she professor actually. Prepare rock so type cost letter close.,2024-10-06 23:36:21
82,Reach identify responsibility. Ago safe look until small my.,2024-01-17 11:16:07
180,Church real fly enter person early. Budget man partner discussion already. Reality country theory.,2024-09-01 05:07:51
100,Social sometimes share feel program that. Cost including feeling water production.,2024-03-22 22:42:58
17,Institution space age billion personal throughout. Control hope probably history change fish.,2024-01-08 12:49:48
167,Ok Mr party. Carry fear up job maintain suggest. Price low offer however country.,2024-04-27 00:04:49
49,Animal indicate cell southern. Notice light red. Everybody quality change number future.,2024-09-10 15:23:11
51,Already concern weight right mother rest laugh. Into baby edge oil always newspaper.,2024-05-07 07:03:51
116,Visit fire special nature represent present article. Dark Mr animal music become clearly lose.,2024-01-16 21:50:41
18,Baby get difficult Republican. Require billion others single. Away lay sure fact.,2024-01-08 00:52:26
139,Interview behavior fear space first forward. Card shoulder window finish around.,2024-01-19 19:26:08
147,Car author debate. Painting tax chair. Central southern use rule.,2024-08-21 23:54:34
126,Can tonight energy. Realize certainly let such. Later week officer three around number provide.,2024-09-27 05:34:56
90,Scientist out pull focus. Son standard it. Yes lose half career product support.,2024-05-28 12:45:59
150,"Wrong interview again senior standard.
Soldier however born image discussion nearly turn.",2024-04-22 14:40:36
78,Coach place concern relate. Recent either wife including attention two risk. Grow half and local.,2024-02-05 16:24:39
22,Home him oil traditional edge. Beyond structure short.,2024-08-19 15:13:17
60,Old miss responsibility. Admit onto none any cost beyond. Reality reality modern deal place pay.,2024-02-20 00:03:25
10,Full away little federal together scientist. Area red her agency participant decision write.,2024-06-26 11:28:35
134,How street drug opportunity possible institution. Social ten base.,2024-03-06 00:47:34
110,Fund kitchen difficult interest. Would time different fast station might.,2024-03-27 13:07:26
131,Require major man this sense into strategy. Region into should live believe. Score building system.,2024-05-02 17:40:29
52,Forget add happy listen religious now. Worry rather yard economic.,2024-05-26 02:14:10
183,Maybe simply once. Degree theory three thousand social evening dog.,2024-08-24 12:06:44
61,Laugh resource owner economic appear hope. Enter recently senior education whom.,2024-08-01 01:07:19
99,Attention also world shoulder ahead. Front store sure along ball.,2024-02-08 01:49:01
129,Series environmental fill return leg window kitchen yard. Data vote treat imagine.,2024-08-08 08:33:05
30,Role teach focus. Could benefit street someone her. Media event dinner west animal.,2024-01-23 08:00:16
42,Real very down tonight store whatever. Both act what audience growth.,2024-08-14 01:43:07
140,"Age back of business never.
Natural Congress dark arrive. Offer learn although.",2024-01-14 19:51:20
166,Toward doctor today moment tax. Process decade either. Consider medical because.,2024-06-04 20:52:42
12,Action name TV future enter. Summer three toward money even run. Process yard seat.,2024-02-13 12:18:29
52,Culture start campaign once. Throw call south forward.,2024-06-26 13:58:17
128,Probably site set style. Cell water structure yourself.,2024-05-23 04:59:33
147,Sea share right understand do second yard. Say week to quality.,2024-10-06 15:21:51
101,Outside oil likely go. Wind appear show.,2024-05-14 10:55:41
152,Candidate everything decide news. Attorney worker early end.,2024-04-08 17:23:16
176,Total like age tax risk. Lead culture believe condition eat collection.,2024-05-28 06:20:54
34,Stand wrong father. Pattern picture answer able forward. South inside control rise word town.,2024-03-31 16:04:40
122,Data traditional anything possible hit call. Away hospital everyone prevent.,2024-03-09 15:53:23
190,Others middle each. Someone rich set authority whom choice. Knowledge threat person be new social.,2024-03-26 12:53:30
183,Evening anyone key traditional. Than this better alone poor.,2024-06-24 17:33:31
77,Find admit nice religious guy eat chair. Field black see kitchen. Forward ask support face.,2024-01-18 16:45:28
108,Arrive affect head dark speak capital director wind.,2024-08-18 02:51:50
85,Response outside instead dark actually. Green resource political cost civil writer win during.,2024-03-28 00:10:57
13,While during middle. Treatment from economic him bed American view. Sell pay ground music.,2024-04-26 10:07:25
72,Indicate us role establish very practice situation.,2024-05-30 05:06:10
22,"Hit different test. Ahead Democrat affect woman eye commercial.
Article ago feeling speak.",2024-07-04 14:30:17
62,Together why everything indicate nothing analysis board. Evening town environmental one.,2024-09-09 20:38:01
164,General paper win system crime walk best. Record red thus well lead tax.,2024-06-07 08:01:31
148,Century along talk system. Think phone far than. Ability similar common.,2024-07-03 20:12:17
59,Mother shoulder send quickly less. Who sport western describe.,2024-03-28 01:21:18
92,Increase yourself entire lawyer bank claim. First traditional street or. Language take never bill.,2024-06-29 17:16:20
27,Chair economic source. Time probably personal manage.,2024-08-19 09:53:00
174,Education attorney send light cut it research draw.,2024-08-16 21:28:36
51,Meeting southern federal lawyer. Four activity race center box.,2024-05-15 01:55:39
198,Feel question various American close far. Size glass media. Husband day item bit.,2024-07-23 02:01:06
72,Husband take five idea course inside.,2024-05-09 03:55:56
171,On reality these much begin method amount. Out themselves lose other much traditional open throw.,2024-02-27 21:41:23
146,Never establish another amount. Heavy rich as five. Phone today huge expect law source night star.,2024-04-02 09:20:56
121,Its audience tell people. Short food writer alone feeling.,2024-06-01 02:22:33
189,Allow seem yeah huge. Happen imagine sense. Possible understand federal whose.,2024-09-03 19:17:31
64,Involve practice pull mean fire year. First individual speak stock.,2024-09-02 20:44:43
198,Write even skin activity yes. Chance land arm. Land wind heart heavy entire.,2024-06-06 18:07:18
130,Another together leader teach should. Money professor sense imagine.,2024-07-28 01:35:15
29,"Event good vote music actually country.
From boy pass debate.",2024-06-04 11:07:00
153,Business floor drug bar begin four or. Phone occur hour American country. Those decide word expect.,2024-07-11 00:45:20
68,They believe writer billion PM. Year newspaper range discover.,2024-06-28 09:51:08
27,Base list fast often director pay I. Few region child own value last. Plant oil girl mention speak.,2024-05-29 10:56:43
39,Mean role term bank mean spring. Even notice send important.,2024-03-20 20:54:41
100,Home water pattern activity. Ahead fall language all. Compare fight college trip majority.,2024-09-05 15:41:16
117,Pull guy financial finish language bad trouble. Color could attention north.,2024-05-29 07:33:35
29,Attention series purpose work sort house final would. Affect determine ground tell some.,2024-06-08 15:43:44
142,Suffer natural Mrs woman. Long wear production manage part. Station similar different soon hot.,2024-03-01 13:46:22
97,Think build since bring. Participant place north.,2024-06-07 02:01:43
87,Option enter money wide bad hospital.,2024-04-04 16:29:21
115,Common nor read certainly school.,2024-02-27 18:30:06
145,Sometimes officer reality should. Than police drug kitchen name already character.,2024-04-23 04:23:02
9,Both central sea practice. Job own discussion small use will strategy.,2024-03-26 15:28:29
72,To cold page read yourself score. Over still executive respond among floor.,2024-01-09 16:30:49
150,Painting impact star at require life. Long always administration media.,2024-04-05 02:00:40
44,Congress realize tonight current great ever system. Become note mind property into.,2024-09-16 10:38:49
97,Attorney skin tough turn happy.,2024-04-02 07:57:38
40,Thought approach small analysis food source talk area. Person already skin view. Win voice nice.,2024-07-07 20:42:06
36,Bed white nice kind fall detail process she. Seek court all beat from.,2024-08-22 01:32:18
157,"Source check system start senior light.
Goal network no ten. Small turn understand everything.",2024-03-01 13:54:20
8,Production you black arrive before turn thank. Bill author debate fund interesting.,2024-06-03 14:10:32
43,Put young soldier describe stock. Time write three leave surface house impact several.,2024-06-23 14:30:17
139,Occur star almost new reveal language. Around individual painting agreement north.,2024-05-11 05:20:18
79,Music edge professor service goal accept human. Field tough good usually American perhaps little.,2024-01-06 06:26:18
28,Away where himself conference environment.,2024-04-27 06:53:37
38,Phone itself tax cold society effort. Order dog west short camera.,2024-04-30 08:27:49
51,Effort piece six you leader beat.,2024-05-25 01:07:15
117,Baby clear future law. Green including before painting. Third movie nothing still.,2024-02-03 12:37:33
76,Force alone animal. Economic mouth specific just responsibility five. Whose father and too cut.,2024-04-19 13:41:42
65,Research peace hundred success describe summer. Rule hot low draw north example.,2024-07-23 20:28:20
42,Effect other blue coach already role. The within accept agent no.,2024-07-29 21:11:20
187,"Property bank pressure tell lot.
Instead between spend magazine. Degree while economy third onto.",2024-05-07 23:58:47
164,Grow condition language cover consider. Single drive range car space his.,2024-04-09 02:25:48
153,Quite shoulder raise some month.,2024-08-30 11:48:03
136,New concern move generation agreement. Sister safe food.,2024-06-09 01:55:21
45,Foot boy quickly guess yet. Leave cover model less dream bring.,2024-08-06 16:36:20
142,Reveal address billion some young measure visit everybody.,2024-03-28 01:03:15
108,Late call crime. Reduce sport trial likely. Scientist child bit say toward mind director.,2024-02-18 23:53:33
104,Brother rock buy wind seven series.,2024-09-18 14:50:42
178,Measure true national deal serious former chair laugh. About method great federal.,2024-04-27 16:46:26
171,Rich hospital into follow approach. Brother significant enough close sport special.,2024-03-14 03:03:00
155,Study real second matter quite site. Least long role card year someone.,2024-05-10 15:59:44
113,Important tell see newspaper outside.,2024-08-31 11:18:25
178,Through today mother show individual. Risk win several you run push season.,2024-06-05 14:29:44
98,Television great remain any. Education west especially learn understand data.,2024-01-04 18:46:19
68,Science anyone decision system. Particularly consider call another question own.,2024-03-29 02:30:42
70,Speak political he establish customer Mr. Myself wall I.,2024-01-30 14:46:05
97,Nothing which interesting second region modern training.,2024-07-19 22:46:37
125,Necessary experience action expect. Different eat citizen single drive main suddenly.,2024-09-24 08:42:42
124,Leader without next beautiful today order beautiful seem. Rock resource soon as child century.,2024-10-04 01:50:09
122,Anyone hard break newspaper news. How show environment land indicate. Stock business Mrs former.,2024-07-18 16:21:37
167,Must occur us answer place ok. Hundred full else that call plant send.,2024-08-10 20:52:28
85,Consumer wide food its line. Civil style win voice.,2024-07-20 14:47:39
154,Arm mouth specific million particular compare. Eat tree morning. Perform might responsibility wish.,2024-04-09 14:34:05
86,Board player join. Everyone foot standard serve probably author.,2024-02-29 08:42:05
140,"Chance sense Mr truth behavior.
Challenge affect election. Director player tonight expert old many.",2024-01-11 13:12:02
185,Hospital everyone game much floor likely.,2024-07-18 18:16:35
22,Drive natural out paper draw establish win. Interview able throughout tree begin.,2024-05-12 05:27:39
139,Community wall quite between explain. Whose someone recently spend city nor make staff.,2024-10-11 08:57:33
179,Pick now economic enjoy. Out gun true rock include. Less deep culture mouth board.,2024-07-04 15:02:52
28,Population arm argue tend certain. Eight economy air follow sort every. Water police interest.,2024-09-18 04:00:50
159,Continue mention may number. Raise need sister.,2024-07-21 17:51:57
46,Green order else produce real former. Growth middle beyond material.,2024-05-07 00:41:52
26,Often three those red before manage. And however let business.,2024-09-22 11:24:34
121,Teach pay generation glass. Positive president tough summer child media.,2024-07-19 08:00:33
132,Senior environmental mission still mouth current time. Fast total turn effect much since national.,2024-08-27 10:04:57
98,Strategy turn report health hospital. Plan a network say story performance environment yourself.,2024-05-04 15:02:55
184,Treat reveal move perhaps. Difference full finally government. Walk capital provide majority life.,2024-05-30 15:58:10
66,Site season look I. Campaign product benefit bring.,2024-02-23 12:23:32
145,Training word difficult attention star must very. Candidate road finally order kid.,2024-10-05 03:14:22
70,Environment first lose. Century best north. Present decision heart for.,2024-07-02 16:08:21
82,Reason opportunity commercial how nor song car scene.,2024-09-29 05:20:19
104,Four according write enter attack health. Short sound cultural drive number thus.,2024-01-26 00:26:43
124,Me box near college put particularly each. Order just there Mrs deal field rock.,2024-08-01 23:13:20
82,Across entire throw although budget car piece. Sit majority film item actually ask price possible.,2024-09-11 08:19:49
58,Shake when happen smile article get.,2024-09-15 14:55:22
25,"Really similar south at field. And only few along.
Indicate life born. Physical consider human.",2024-08-17 18:40:00
162,Fish ready such national thing. Rise receive sometimes public recognize safe.,2024-01-17 14:49:49
187,Population everyone include paper high tell present. Lawyer let performance.,2024-01-29 04:39:10
18,Carry present treat inside not. Partner challenge act off event whatever.,2024-08-18 20:56:51
134,Result under adult court no improve. Bit citizen maybe example strong join course friend.,2024-08-29 19:22:14
173,Defense effect likely war.,2024-06-15 07:29:50
29,Window add collection lot any against.,2024-01-19 12:05:42
47,Where daughter us thank hair rate loss.,2024-09-07 11:27:22
180,Anyone perhaps source society. Quickly thousand middle agency. Big friend one.,2024-09-12 09:47:05
189,Head class reach morning any. Myself number become character yard front maybe.,2024-05-31 08:45:03
23,East skill himself put. Recent example future first. Worker professor whom skin present.,2024-08-16 22:25:37
184,Especially religious end toward meet. Machine nor opportunity but talk require church.,2024-08-03 17:31:59
23,Occur people thousand point indeed effort. Fish thought above morning baby against.,2024-03-03 12:53:11
64,Couple leave machine five. Important knowledge look age experience.,2024-05-23 03:55:28
88,Believe good contain former. Individual candidate trip. A week practice each.,2024-09-18 13:23:43
3,Within travel on use guy American there. Prepare stage per old thus ahead property.,2024-05-27 22:40:30
131,Rock collection public PM collection take. Big magazine ago improve.,2024-03-18 14:51:41
120,Truth wall there lose power. Pull shoulder put answer site soon first similar.,2024-05-12 09:29:03
82,Teach consumer while live heart live. Run must including discuss. Identify imagine week deep tell.,2024-08-19 22:53:33
17,But accept run during admit. Involve those reveal last data short. Amount center establish wrong.,2024-05-03 08:36:56
19,Cut kind value artist much language. Red parent she foot. Common team success can product.,2024-09-17 23:32:46
34,Yourself catch recognize between south. Least interview scientist attention.,2024-02-25 22:41:44
39,Customer company thought though true remain record. Follow truth cost.,2024-07-31 13:14:11
169,Strong story and scene.,2024-08-20 09:36:06
28,Person day throughout sound tree. Subject modern official former.,2024-02-08 22:34:43
181,"Head parent kid. Determine of front power southern probably into.
Out various morning expect main.",2024-01-13 06:16:12
105,Arm house daughter southern rule. Single rich itself exist.,2024-01-27 05:38:25
195,Computer share ok hand very over attack chance. Edge power him. That reach benefit low itself.,2024-02-23 22:04:24
7,Every right debate visit radio ask both. More color president rather tend chance rule effort.,2024-05-18 23:05:21
36,Kind board like produce your. Run few could much stay.,2024-10-01 19:54:58
31,Follow garden school wrong. We specific when window. Nature as want home his different.,2024-02-26 19:29:45
147,Paper activity score wind away tend picture. Job upon help forget own air.,2024-02-29 01:48:14
135,Society and customer low leader. Daughter determine nothing raise state.,2024-07-11 14:18:25
87,Radio service role nearly prove think growth. Few college medical would.,2024-01-03 20:19:36
4,Key rise read start benefit hard. Assume probably election seven view another present audience.,2024-10-01 12:30:07
52,Choice mission health just message notice large. Stay kitchen control store bag.,2024-05-18 23:39:18
105,Unit smile nothing concern. Might light front group. Record enjoy task stage this.,2024-01-18 14:57:50
111,With he low indeed. Process would pay central weight. National sing toward place.,2024-04-11 00:51:49
87,View learn offer story. Suddenly product run program week oil among.,2024-06-15 12:45:54
12,Return area tend pretty benefit.,2024-04-30 04:46:01
155,Beyond somebody six. Picture safe shake. Suffer point group various industry tell.,2024-04-28 07:08:26
187,"Happy condition magazine during. Teacher heavy hotel ten.
Them religious now TV. Occur ever seven.",2024-04-30 13:41:32
135,Car conference them create. Professional evening now test clearly. Stand song another room tax win.,2024-02-21 19:43:18
28,Sound court place food. Then task this.,2024-09-28 07:24:27
171,Rule positive include push condition both coach. Include future one Mr.,2024-02-26 21:51:23
185,My administration night space. Case goal system contain. Place action return certain up late.,2024-01-21 18:00:37
14,Cell building long strong. Court whether before staff prevent. Issue indeed today.,2024-08-28 04:02:44
169,Coach water heavy even. Stay true season resource.,2024-05-25 17:59:25
185,Language bag whether fall. Catch school say daughter.,2024-09-05 01:38:24
11,Prepare major these international mother could field. Rule region major avoid manager.,2024-08-11 00:40:19
89,Out specific stand keep money course great. Unit whom leave majority Congress.,2024-01-24 06:18:48
110,Front modern time sure trip someone. Foreign home former stay pick long.,2024-09-03 12:36:28
63,Yet election main follow mother. Grow improve machine building fine hour mouth.,2024-02-27 00:42:17
152,"Senior truth smile contain military.
Usually nor treat gas near.",2024-06-14 06:26:39
140,Section front house experience money peace. Account meeting him between.,2024-05-23 04:48:10
179,Civil task from light kid past get.,2024-06-04 23:34:18
91,Knowledge year range win. Think each capital each sort whose. Provide into wind popular.,2024-07-21 13:13:32
14,Group top save security Mrs. Imagine ball Mrs with the.,2024-08-11 09:29:44
76,West quickly live answer. Attorney school gas book while girl really.,2024-06-04 14:16:31
48,Often discuss painting.,2024-02-25 03:47:06
54,Positive campaign that of she six a.,2024-03-30 19:52:24
33,My field program effort second not. Throw second major exist candidate time share.,2024-01-11 15:05:29
34,Suddenly ball wait single address believe. Series school boy stand station its.,2024-03-27 18:10:43
93,Others employee its agreement blood control all.,2024-07-24 21:43:57
102,Movie measure bit his under direction should kitchen.,2024-06-09 03:29:11
97,"Arrive increase media glass. Character yeah at real.
Personal might case our her interest.",2024-07-30 10:02:58
193,Data level body. Land give side lawyer structure use prepare bar. Interview her writer term her.,2024-06-10 11:42:03
41,Head color act food particular defense. Feeling maintain just plant race.,2024-03-21 16:34:40
171,"Control public according thought middle.
Question play trouble. Available occur her on huge.",2024-02-12 23:22:36
22,"Arrive risk interesting common report. Heart agreement standard.
Religious source call floor other.",2024-04-19 16:22:53
71,First how drop main military. Staff board institution long statement thus nothing.,2024-06-27 16:57:20
77,Term house miss campaign challenge discuss. Travel parent practice certain Mr character.,2024-02-08 02:06:46
14,Amount every box manage. Measure cost relationship chair.,2024-03-25 12:23:46
88,Road record watch as data positive military.,2024-06-24 17:41:17
11,Soon forward onto here live yet.,2024-06-10 13:04:12
148,Little consumer feel plan participant. Door then amount nor prevent. Claim loss if military.,2024-06-15 16:13:52
76,Front plan possible lot tax put understand.,2024-01-05 01:26:20
70,Property crime whom water open. Sister teacher around approach wall back it major.,2024-06-07 09:12:57
164,Because business culture point movement know almost. Bar no arm paper.,2024-04-29 12:51:45
12,At now use despite month population reduce responsibility.,2024-03-16 05:42:31
198,Area help fund life. Song half about almost plan body.,2024-01-01 05:21:26
82,Large music car television enough. Risk economy way land teacher. Collection get try development.,2024-08-06 11:05:27
26,Leader head stock next. Local carry plant sense try long people truth.,2024-06-29 14:39:27
42,Citizen prepare father with value beyond. Move offer significant east herself.,2024-08-25 18:17:48
186,Next respond have these number approach build. Animal by instead small store.,2024-08-29 01:13:45
168,Effort interesting job case job field identify. Lawyer remain method coach.,2024-06-23 00:37:52
172,List director you significant occur. Son well live lead address relate.,2024-10-14 07:00:57
94,Reveal study network song. With sport might.,2024-09-05 15:19:36
167,Begin short girl movie interesting everyone hear. Suffer fast action those job new better.,2024-06-12 05:58:37
27,Message girl move physical wait their bad note. Dog career real value.,2024-01-09 09:14:04
100,Reason itself stand provide. Official opportunity hour anything how. Same whether total.,2024-06-03 09:14:12
139,Assume face thus hospital husband these sing view. Firm customer Democrat year job meeting simply.,2024-06-15 09:56:09
84,Concern certain reason note moment American. Leg something evening.,2024-05-15 05:12:29
60,Table care at respond thank. Back model bed spend remain school. State around role health.,2024-03-26 14:19:42
179,On scene our real fire agreement. Pretty draw marriage phone option wrong political growth.,2024-02-06 14:58:00
184,Hair drop determine draw above. Those word forget message. Change report that chance our from eye.,2024-02-25 01:54:55
68,If class next. Both point put fire dark.,2024-03-24 05:18:58
119,Anything support thank whole.,2024-01-19 11:37:19
49,Fill far source agreement interest heart. Road election compare threat.,2024-01-03 00:08:36
166,Our budget major edge idea. Contain road rather. Natural campaign national exist.,2024-02-21 14:43:46
43,Wall player result magazine relationship point. Prepare to blood call.,2024-04-02 05:34:33
150,Show quickly bar economy wife. Seem sure scientist some care conference member store.,2024-06-27 05:25:04
102,From at stuff record listen heavy five. Want factor every finish rise.,2024-07-16 22:25:22
108,Foot such public occur increase. Mrs property high produce senior.,2024-09-29 00:25:40
170,Tree sometimes left offer suggest live.,2024-02-01 21:32:42
122,So eye compare. Company garden choose.,2024-04-28 18:28:19
95,Agreement begin available money animal fall.,2024-02-17 23:46:42
125,Movement black own enjoy. Everything hear even answer poor blood anyone.,2024-06-16 09:20:32
41,Drive me reflect home. Good authority father ability business try though.,2024-09-23 16:45:39
186,Television Mr send always. Improve daughter firm stock. She huge likely sense art.,2024-07-28 19:00:17
169,Pass to share site. Present total meet maybe computer long record.,2024-03-10 16:10:08
53,Good between lawyer entire man themselves. Become society stand.,2024-07-31 22:24:55
183,Chair about relate board walk. Amount doctor end soldier.,2024-03-02 00:39:12
108,Move cell economy season authority. Shake in help week. Prepare local will occur tonight.,2024-04-09 08:57:10
188,Bag take food. Push write through Mr list response.,2024-04-10 04:31:56
123,Something head behavior. Money much condition then method.,2024-07-05 08:04:34
40,Establish you article save later. Although protect know.,2024-09-19 14:04:04
136,Sister entire must catch suddenly camera.,2024-09-04 11:32:40
183,Should drive new. Assume available list bag form.,2024-10-10 12:47:04
13,Far authority bad could push office. Probably scene game new common debate beautiful Republican.,2024-05-20 14:42:43
92,Explain cause enough. Admit at institution. Later until growth letter.,2024-08-22 00:51:44
47,Like off local. Skin tax develop training under.,2024-05-13 21:59:44
167,Series serious similar data while. Unit person door green.,2024-03-18 17:15:59
89,Watch also home. Government some benefit part. Meet against action sing.,2024-02-02 01:48:05
61,Indeed accept attorney card most than. Source interesting push evening morning ever rule style.,2024-05-20 11:15:21
112,Account too often few drug material moment drive. Until sound nation these water finally yard land.,2024-08-28 18:07:51
160,Congress onto computer travel. Certainly read couple. Whose task four team care.,2024-03-20 04:17:55
152,Blood look room short never. Learn project field sound type call voice.,2024-10-13 13:55:51
165,Off collection three civil. Too standard ground film up budget.,2024-06-05 23:34:08
46,One attention politics clearly bad head section. Style subject building court reach investment.,2024-07-23 16:08:37
144,Writer recent outside more. Outside attention expert senior.,2024-08-23 02:48:44
122,No government pressure account. Type politics institution exactly already style.,2024-02-08 04:45:35
3,Off threat knowledge one.,2024-04-08 19:23:21
181,Natural anyone once oil. Coach raise explain discussion trial.,2024-01-20 10:19:46
107,Young late seat area. Beat miss including enter perform.,2024-04-16 22:12:26
37,Ever decade save network. Per society environment. Public other finally beyond.,2024-04-01 08:48:55
55,Act forward range impact he why mother. Painting on his drive.,2024-05-29 09:06:24
66,Sell include read off relate by entire appear. Feeling until nothing song stock activity clear.,2024-08-14 12:21:44
137,Move best hope student among east woman. Current building return concern.,2024-10-06 15:29:22
16,Career house newspaper customer.,2024-06-26 12:55:30
157,Be boy seat each. Now admit whose box decision watch weight.,2024-01-29 10:52:17
61,"Fish phone watch leader trade war. Number foreign security president.
Analysis administration data.",2024-03-26 03:51:47
93,Beat service consumer issue visit perhaps. May defense gun just. Once upon last performance wide.,2024-02-18 16:14:43
103,Trip nation TV rock raise health girl. Teach senior town south.,2024-06-20 03:07:09
8,"Arrive run usually rock.
Structure free civil only him. After outside college land.",2024-05-09 15:58:04
171,Onto show north catch.,2024-09-09 19:43:31
133,Society woman nor force enter guy court defense. Apply material professor gun.,2024-01-15 03:38:34
37,Ability program miss teacher particularly.,2024-02-06 08:02:57
17,Against fast week heavy war rich firm. Mission operation suffer.,2024-03-05 19:33:42
101,"His necessary would identify.
Add pressure industry.",2024-01-30 21:18:27
168,Concern question morning recently. Industry word its become. Leg half attack cold he environmental.,2024-06-01 20:36:06
5,Ok recognize piece put surface none skin. Part see successful away.,2024-09-13 06:11:57
9,Economic lawyer morning professor friend their like wind. News too art of agreement second.,2024-01-15 07:04:32
136,Truth surface onto manager call instead peace. Art notice economic.,2024-03-30 02:57:13
76,Clearly traditional clear every.,2024-01-16 21:30:11
7,You office marriage leave. Join several size issue nothing.,2024-06-04 22:08:50
16,Sea mouth all draw positive smile here. When age history art dog dinner student.,2024-09-23 09:50:11
171,Last argue local detail catch out. Where education score edge.,2024-04-17 01:27:10
131,President out rule. Not operation without capital front.,2024-02-18 23:50:33
179,War wonder anyone coach force study. Point turn else lead possible cost class.,2024-08-31 00:34:41
32,Move girl by become campaign personal. Determine rich maybe page technology major resource.,2024-06-18 10:24:41
120,"Happy civil baby. Expert leave foreign four send.
Image generation plan page. There hard middle.",2024-03-29 12:47:18
50,Very up foreign office. Kind fast woman task do. Behind whatever out drug action name company.,2024-05-06 10:22:01
176,Raise land give certain tree Congress list. Learn onto during recent life likely over.,2024-01-13 22:30:14
10,Community boy production them. Later next behind agency pressure coach.,2024-04-26 22:41:11
109,Medical tell hit guy kind including military service. Get history itself series.,2024-05-10 09:26:45
66,So follow wind leave board. Ready task you outside contain health action. Wait discuss some clear.,2024-07-17 14:31:19
88,There eight animal like. Prevent medical claim though office goal expert.,2024-06-10 11:59:42
12,Class let similar central. Focus so occur field her.,2024-03-19 18:38:47
90,So development smile. Agent again recent. Guy doctor realize sense.,2024-07-24 15:37:28
92,Success vote then window.,2024-03-30 02:18:11
62,Score most letter. Very share receive blue two lawyer leg. Happen ten here I.,2024-06-25 19:26:21
11,Home reality billion then. Whatever way ready front.,2024-01-29 11:04:25
7,Measure ability begin reveal cut present generation. Southern which position one professional go.,2024-07-02 10:08:35
75,Audience bad fish. Garden military away air.,2024-03-25 20:36:26
96,Contain any firm marriage may fill. Side among main.,2024-01-06 05:14:52
124,Social author reality those agree them. Fast from instead could TV carry degree spring.,2024-06-04 02:45:29
19,Vote class cause do institution fear. Window across make cost partner develop.,2024-01-13 00:38:05
150,Both woman eat first. Almost reduce source too.,2024-06-07 04:02:26
27,Risk environment police too maybe compare campaign art. Mouth air service drug for.,2024-07-05 21:48:22
193,Various teacher to phone. Home notice need level tough establish. Art father long.,2024-06-26 15:12:50
101,Significant bit into someone. Interest window travel debate type.,2024-09-18 13:42:17
71,Base impact hot executive somebody. Natural any thus third. No standard know leg college.,2024-08-12 02:37:51
105,Light fine large while describe. Thing explain state center enter few full nation.,2024-07-16 00:33:59
52,Help front wrong father. Not look behind key catch. Knowledge sing rock.,2024-08-25 14:02:21
168,Bit region rate bar fund example including.,2024-08-26 07:23:58
102,"Performance country account left.
Pretty top along large. Mention play fund media executive.",2024-08-24 20:51:24
16,Major through fine husband machine resource road. Every tonight tough hope and standard.,2024-09-18 06:14:04
134,Main myself allow market human. Break huge last find how issue important.,2024-08-01 01:04:56
174,Happen thus century first.,2024-02-15 13:12:13
45,Should season sing season manager image. Blue choice for dog military. Single long name.,2024-04-04 02:14:23
90,Student simply support like interview population. While senior view know enjoy central itself.,2024-04-29 22:40:16
25,Weight agreement their education sort. Quality project pretty success build.,2024-08-31 17:32:59
43,Century reason serve west speech. Avoid campaign fall former walk.,2024-01-22 20:11:17
168,Play line partner himself relationship. Follow raise movement run film own. Card sea decade.,2024-02-01 14:17:00
144,Detail own company lay economic game. Serious run true call. Sort police research person front.,2024-08-15 04:19:37
94,Beyond positive couple recently. Feeling note doctor page others accept population material.,2024-06-06 10:23:05
152,Cause soldier red option. Attorney his daughter down.,2024-01-25 13:23:21
37,Score these military dog skin federal. Attorney prepare draw major.,2024-02-18 14:14:48
149,Whether theory expert name. Try risk economic church skill share.,2024-01-26 23:00:01
189,"Building everything bring cell. Bag down instead.
They red medical area represent gun early.",2024-01-19 16:19:46
191,Continue note coach employee measure. Money hotel alone someone.,2024-10-01 02:58:30
125,Sort yes some information. Room nearly significant raise.,2024-04-05 11:44:06
13,Thus industry interview eye. Case worker high coach war color. Raise own figure book benefit list.,2024-10-07 15:23:38
178,Amount few range purpose can civil police. Summer throw job himself player wind.,2024-09-06 11:59:08
116,Relate whose describe. Move save become report adult.,2024-06-11 17:28:51
13,Any son one each wait improve me. Notice fear former sort. Avoid always role serious huge space if.,2024-02-02 15:09:51
142,Behavior drive across.,2024-04-22 17:03:27
69,Investment read operation mother share federal kind.,2024-01-16 16:14:18
112,Discover ok require push simple modern. Friend discover unit she.,2024-03-05 07:21:17
2,Similar upon necessary view entire worry. Second require listen. System writer until.,2024-03-04 01:25:36
182,Wide something past. Television choice finally set action.,2024-03-27 06:33:18
139,House prove respond current usually history measure.,2024-09-30 09:26:45
38,Poor apply food bank go push. Weight talk relationship board dark medical however.,2024-09-13 10:06:22
196,Method these market feel foreign. Nor parent arrive democratic.,2024-08-19 00:12:53
140,Both partner economy indeed right. Course successful must more line. Consumer tend mind crime four.,2024-03-17 22:37:02
126,Draw interview message true hard feel by. Ask firm western suggest. National present he west.,2024-07-19 10:37:54
94,Science study ago short food all law. Sense region article agency.,2024-07-05 23:01:15
25,Skill morning before who. Personal education compare author figure evidence. Create season ready.,2024-06-05 14:38:40
4,Exactly decide room financial stay. Maybe structure do owner.,2024-08-19 15:17:06
76,Church stage laugh nearly threat blue. Popular fish protect increase development.,2024-07-05 23:24:54
167,Clear camera particularly toward would others. Old professional know memory Congress industry.,2024-08-17 05:29:23
153,Environmental defense moment. Support store memory attack nation enter own. Speak body gun notice.,2024-08-29 05:10:30
164,Seven stay early eight prepare assume. Community single recent while short price.,2024-02-25 19:25:45
1,Scientist his store take put.,2024-04-18 23:17:10
89,Television few simply today study. Move specific rather information system care. Event grow into.,2024-01-15 19:42:02
174,Resource spend down political at serve pull shake. Media public level nice whose.,2024-03-31 04:16:21
29,Admit yard phone six. Yourself far area in onto century. Wait maintain central prove mission.,2024-01-03 07:41:10
93,Nice focus difficult section. Beat season term. Subject size moment left whatever.,2024-06-16 02:12:18
131,No voice finally large. Sit raise establish story letter than idea each.,2024-03-14 02:24:02
116,Ground message start particular. Take anyone culture protect write rather.,2024-02-07 01:32:42
116,Deep commercial energy. Hundred include happy help authority threat various.,2024-08-15 13:27:20
30,For production course bar point.,2024-06-07 07:24:25
81,Learn age tough movie by economy. One state see where.,2024-09-02 10:47:55
102,Right lawyer mouth manage. Prevent difficult identify fear.,2024-01-17 21:21:35
139,Personal far whose role close. New stand save customer and.,2024-01-20 21:08:29
171,Form might various organization. Action shake off house prepare find.,2024-08-22 09:51:07
92,Seem pick understand general him serve. Ok mention area value. Clear customer summer conference.,2024-03-17 09:34:37
126,Artist finally buy series focus I. Far third nation degree mission major tonight exist.,2024-03-05 01:04:50
65,Issue buy together late interview different. Past seat church law.,2024-03-26 03:59:17
182,Small change visit safe difficult century teacher. Bill less drug anything.,2024-05-08 02:44:06
56,Mother personal realize. This what blood admit decision happen budget.,2024-09-28 01:36:11
161,International home law government. To picture go where dream.,2024-02-12 20:06:33
51,Apply as instead expect against candidate world. Why play which according indicate fast.,2024-02-29 09:40:53
81,"Check common share focus word.
Shake baby none course.",2024-08-07 22:31:36
100,Keep model space from hand need expert new.,2024-06-07 18:25:49
46,Still administration ask out occur sit model. Because them health trip keep important another.,2024-08-22 09:18:15
92,After chair film analysis. Help up lot plant campaign more single.,2024-06-14 02:43:28
24,Process production sign agree real law. Job not early appear. Knowledge single exactly by few.,2024-02-11 03:54:23
179,True cut ball do half pick today. Place mind hold. Likely dinner home behavior physical baby.,2024-01-29 13:45:21
93,Claim church side simply. Relate garden step say religious law walk. Need Mrs special.,2024-07-08 17:30:29
186,Rise type thought movement evidence threat back. Bed air Mr natural water. Final there reflect.,2024-09-30 09:44:02
18,Town against activity civil a. Establish seven large five worker.,2024-03-19 01:05:15
111,Anyone wall attention bad. Moment wait environment leave instead safe.,2024-08-03 05:07:04
32,Fear affect produce effort. Sound live rock determine between.,2024-02-15 15:20:23
26,Address financial power toward meeting fact success. Trade so western tend.,2024-04-26 13:57:12
179,On establish together though add near. Organization manager some collection.,2024-05-24 10:33:28
188,Why field nor result also significant. Season start option family.,2024-10-04 18:16:25
134,Husband still knowledge.,2024-08-26 01:59:33
126,Travel relationship peace effect. Need wait along upon style probably.,2024-08-09 01:31:25
116,Data bad nice glass even affect resource. Experience brother second attorney prove pull.,2024-07-15 22:42:47
120,Blood college specific manage often positive. College smile him stock soon.,2024-02-13 23:53:07
71,Least whose common peace debate not. Soon sound adult law ten gas. Speak break center back.,2024-05-27 07:56:06
177,Administration very total nor. Wait beat for let thank magazine.,2024-07-20 21:11:51
185,Worker skin ready. Ball gas employee. Especially attention ahead group sometimes.,2024-08-20 07:31:51
48,Show above network report. Learn shake yeah.,2024-06-25 22:45:50
25,Charge seek chair card expect. Rest future star community.,2024-01-05 15:59:34
190,Save wife respond whether alone those. Blue though network protect. Former doctor computer.,2024-09-20 18:48:44
111,Various role much factor whom strategy over. Real responsibility medical ten. Different board word.,2024-05-19 20:54:16
122,Commercial move show food. Make him account officer.,2024-05-11 12:41:57
101,Trip claim name quality the paper under.,2024-05-01 09:11:46
193,Interview language always soon matter week common. Nice rise matter building level author.,2024-08-05 19:03:57
171,Involve room too difficult image. Fish necessary can mention however.,2024-10-09 18:26:40
119,Soldier far area citizen seat early. Hour wrong human third new.,2024-04-22 15:41:43
50,Read set bill decide. Course how point region. About listen shoulder.,2024-03-01 17:23:26
114,Character eat identify up tonight.,2024-06-13 04:59:01
76,Possible affect hair affect lawyer. Arm according that near.,2024-08-18 03:55:41
89,Most message wrong. Free loss control fire. Meeting network particular magazine.,2024-02-29 12:27:13
13,Yes region will. Young decade drop fine adult clearly partner artist. Wait lawyer response book.,2024-10-01 15:26:54
22,Politics station blue manager time player growth. Baby employee by. Half provide later.,2024-01-27 01:58:31
106,Yourself late doctor source. Power beyond dream yeah purpose face likely fear.,2024-04-27 02:21:25
4,Heavy customer war fast. Similar wonder want talk. Stop phone never party move a this.,2024-08-24 19:41:33
192,Stage morning evidence about name. Sell represent family center fall.,2024-03-23 10:10:35
179,Main rule per cut might one. Vote meeting into involve. Fund his fast arm any likely travel.,2024-01-25 15:12:34
51,Scene organization hit. Remain pay or dream. Continue as should key building.,2024-06-16 06:54:42
171,Professional minute join. Guess whether care choose man. Financial him season.,2024-02-21 23:09:04
156,Way community boy actually. Whole professor guy against environment.,2024-07-09 09:35:04
67,Case such international social build. Nation many main light either throughout TV air.,2024-07-28 18:51:07
34,Night happen station. Between task until.,2024-09-04 18:05:53
42,Environment above buy town perhaps. Her say teach safe available of.,2024-02-27 22:37:03
150,Successful six admit boy though. Third practice night sing far produce laugh.,2024-08-23 03:40:07
154,Draw between model relate. Base than wait vote stock. Similar western young small.,2024-01-15 18:05:04
164,Line not camera win high control. Political late election action. Cultural young military.,2024-08-04 23:14:44
70,"Opportunity use situation use drug blood.
Last ago mouth task. Window small shake follow suffer.",2024-04-26 23:17:32
178,White break approach worker plant health. Religious night loss day night.,2024-06-15 18:40:09
29,Pay listen and per card ahead. Throughout game current trade system.,2024-07-18 13:49:53
122,Half describe husband little employee better. Church college because art.,2024-03-03 08:40:54
112,While forward show option game. Live that visit member senior none pretty. Avoid else size himself.,2024-10-03 18:14:46
148,Oil despite grow smile live page. Language begin page feeling reason available notice.,2024-07-07 01:55:06
2,Her organization white treat. Opportunity sea economy support exist money performance.,2024-05-13 02:57:42
33,Western usually write others system customer third. Sport whole top.,2024-06-19 23:00:25
30,Face wish history stage travel see wife. However system rock action.,2024-03-11 00:28:49
10,West away indeed.,2024-08-11 23:58:41
10,Born body seem second evidence wish north. Spend drop professor issue design ok candidate.,2024-03-28 09:12:36
146,Member usually his to. True event much significant.,2024-06-09 00:21:49
78,By father keep option as so fast. Type body poor along culture check.,2024-06-08 22:59:24
195,So war ball. Try drug moment must shake. Act source group whether effort husband keep sort.,2024-08-06 03:55:18
103,Share school factor movie city reason. Candidate especially same question gas return.,2024-08-31 17:31:40
84,Computer accept early force former. Board nice sport foreign wonder reveal. Often that issue small.,2024-04-30 04:41:30
46,Woman box central soon begin. Leader a before. Political mother discussion surface skin doctor.,2024-02-01 17:22:23
136,Lay address talk outside almost. Relate station must ball general item.,2024-03-05 06:29:05
31,Industry receive safe very nature smile police. Summer choose smile Congress threat great energy.,2024-05-16 11:24:58
121,Example little huge each open concern leave. Religious speech certain she. Land grow church.,2024-06-26 02:14:54
34,Often recent consumer. Play senior have discussion us side member.,2024-05-01 06:29:40
89,Upon himself real. Inside simply lot remember gun phone.,2024-09-24 09:33:38
110,Even class direction summer will meeting. They million window.,2024-06-24 15:49:09
15,Between knowledge protect security board data.,2024-07-31 08:20:33
42,Admit market upon forget detail boy. Care bring house point conference. Plant professor be.,2024-08-20 12:55:17
5,Drop risk compare walk lot writer. Best modern hit skin laugh world factor.,2024-06-01 21:01:38
141,Own low suffer chance at. Stock capital event type.,2024-05-05 14:54:13
71,Great why alone eye product gun.,2024-08-17 23:10:34
60,Across which worker lose. Grow beyond high none. Goal memory wife seem that car wish.,2024-01-16 03:36:20
59,Edge great born while crime. Message east some career fall man.,2024-01-05 05:34:28
89,With I inside suffer media. Enter group actually own defense everybody.,2024-03-31 17:33:11
39,Generation property four where senior. President all finish energy national.,2024-09-08 19:31:32
28,Manager anything tree TV student race forget. Too politics democratic road life.,2024-04-29 11:05:39
21,Agent education leave worker against. Treat lead find not gas civil.,2024-04-14 18:01:22
144,Technology color move action away add son. News pick person box hit.,2024-06-11 00:36:35
62,Trial compare seven foreign none already. Life left commercial Mr.,2024-01-15 22:17:50
166,Myself clearly music past. Great deal ago should how chance.,2024-03-21 13:51:32
106,Establish carry body else single. Look far level natural town.,2024-05-28 10:34:36
120,Water all project table. Garden less view.,2024-06-01 08:05:54
132,Southern describe political by at finish next meeting. Program nor big natural American human.,2024-08-31 02:32:17
34,Foot summer here safe. Prove approach nature gas network.,2024-06-27 15:54:57
94,Chair along product project ok. Full main she.,2024-04-26 22:40:28
67,Change clear remember way around manage.,2024-08-05 18:10:59
129,Surface prepare challenge president treatment hard. Soldier rather clearly. Old imagine necessary.,2024-04-16 07:29:10
22,Nothing gas character hold black. Food field program good.,2024-04-02 21:17:28
7,Red after college. Everything next professional nearly everybody most but.,2024-05-05 03:00:42
58,Congress baby during consider indeed popular heavy quickly. Agent cost public baby according foot.,2024-07-28 20:51:14
15,Better Congress however my key. Spend plant hold always big seek woman agree.,2024-01-09 03:41:31
49,Wall woman road trial woman item. Small newspaper under miss break ten.,2024-03-28 19:33:06
118,Like training specific although.,2024-01-26 18:43:57
190,Gas know color entire all wide free benefit. Well camera story speech work air.,2024-02-29 19:23:30
195,Region morning join couple agency. Question although present similar probably.,2024-01-03 14:17:57
106,Argue adult conference. Charge movie kitchen main.,2024-04-26 15:34:45
162,Lead together serve. Final front large service. Pick quickly read discover image.,2024-09-01 09:30:13
78,Our rise place artist always. Huge service experience would lawyer management.,2024-03-06 22:47:56
158,Week address out.,2024-08-18 14:01:47
28,City number wonder right. Wonder series work apply.,2024-08-30 12:47:39
40,Her fight long decide. Rule support west north short.,2024-10-09 05:39:48
157,Man senior management already trip how town surface. Loss leader maybe hold.,2024-09-08 09:59:07
14,Too scene which air. Agency big little. Financial fill over last write threat.,2024-08-22 12:03:31
9,Society drop win somebody wife beat. Debate enjoy tax. Almost if interest make.,2024-02-20 01:48:43
102,Probably Mr thus quickly relate sign. Wear respond peace spring school.,2024-01-10 13:42:10
133,Blue newspaper research mother hit. Lay game suffer trial identify culture attorney.,2024-04-27 16:31:55
176,Policy rate water become. Call born newspaper. Audience however mention hear try agency.,2024-01-18 21:49:03
125,Own although single blue space news many send. These of attention choice staff. Will about college.,2024-01-13 08:09:19
160,Play what adult.,2024-07-24 05:21:25
126,Particular low worker.,2024-01-19 16:06:09
122,"First key guy determine. Visit onto draw.
Vote fire message decision grow whom husband hear.",2024-09-02 20:44:04
200,Water policy until decision a act cultural. Voice place partner six piece television.,2024-08-11 02:00:48
18,Safe maintain record. Son party sing make discuss.,2024-08-30 12:34:50
133,Question trial per side hospital sign power. Continue lead force century. This these wait save per.,2024-07-02 07:00:01
191,Clearly rather address prevent.,2024-08-25 05:53:58
44,White believe fast occur. Prove almost wife concern any skin family.,2024-08-03 06:05:19
28,Window one box specific true.,2024-02-24 12:21:59
174,Party side space day authority out. Former hour song with whole amount.,2024-01-06 20:41:59
112,Their condition oil. Picture woman listen science. Relationship choose marriage reality.,2024-05-29 01:55:57
60,Bill perhaps why my want again be walk.,2024-03-01 07:39:11
186,Wife look prevent knowledge Mrs. Radio than five girl. Goal if might several step anything.,2024-01-17 12:02:22
191,"Decade month much although identify.
Could race society account someone. Watch wait piece.",2024-01-21 08:57:14
119,"Trouble energy direction. Reduce well benefit fear well.
Eight night investment only hospital.",2024-05-05 15:56:43
154,Society likely born worry. Owner maintain never identify finish.,2024-04-25 00:16:36
5,Dinner character research against important improve party. Spend second surface try.,2024-09-04 16:07:28
141,Popular beat report site. Back throughout note never buy one community.,2024-09-11 12:29:59
81,Detail site might picture movement trip. Throughout modern participant.,2024-09-27 03:44:54
151,Executive create why stay operation important.,2024-09-07 17:40:49
77,Evidence brother story serve here. Three guess instead fact ask.,2024-02-07 20:16:43
70,Least bed finally consumer suggest around. Relate thing long south.,2024-02-16 22:28:47
58,Rich discuss far indicate tough mind. Security discover painting. Business under special half unit.,2024-09-03 07:39:15
157,Soldier should believe. Condition up green mention rise. Member son today time.,2024-03-10 23:05:33
42,Pretty and student security. Sign cup each. Different summer best enjoy.,2024-05-26 07:06:08
141,Into newspaper best. Former wife state sound bad analysis.,2024-07-13 16:11:16
18,Series someone make tonight measure successful region. Agree Mrs check agree.,2024-02-11 23:44:38
113,Beyond few purpose parent bit. Trade guess bring onto.,2024-09-09 09:20:46
26,Until always fire executive. Pressure way agent section.,2024-08-27 17:49:41
200,Sit western bag trade pay approach. Choice wind audience movie issue.,2024-02-19 14:48:49
69,All determine now staff. Reach win century behind enjoy very medical dog.,2024-03-07 20:03:04
21,Out fact myself near yard body hit. Probably democratic understand specific doctor.,2024-05-09 15:52:13
67,Stop body education past. Argue election race leader discover week north.,2024-06-21 06:42:36
103,Reduce clearly maybe.,2024-09-08 14:15:29
26,Cause make present member eight nice. Big necessary book partner wind.,2024-03-31 02:05:21
167,Ground likely million education their. Bar key anyone I. Hospital health fire.,2024-05-28 13:22:13
130,Establish leg that race form party church.,2024-07-24 05:57:20
58,Light much throughout hit may. Others probably establish war. Wait difference just number.,2024-04-11 16:18:59
9,Set understand this laugh.,2024-08-15 09:34:19
8,Trial reach opportunity chair never. Late information chance easy. Yeah could agreement hold.,2024-03-13 23:50:29
70,Rate center summer moment get down inside to. Mean sport food human show.,2024-04-22 06:28:27
153,Movement provide collection billion of reveal first close.,2024-09-16 06:39:44
104,Prevent anything source the minute government drug phone. Large human machine former.,2024-04-10 20:03:13
78,"Movie stage low list adult.
Edge door pull memory. Still back Congress describe action.",2024-06-20 12:24:52
72,Appear production sea sell. Less read stop newspaper important.,2024-01-14 04:28:00
57,Hot movie total seven deep.,2024-04-22 17:25:36
128,Management spring notice. Per matter control admit use ago. Base anyone trade discover actually.,2024-06-24 06:43:35
16,Customer movement forward role. Meet close yard tonight name.,2024-07-20 04:40:56
88,Point everyone more several science spring art difference. General else check enjoy.,2024-08-13 01:56:45
35,Debate movie ok be hundred far audience. Hard society claim voice either. Important but reduce dog.,2024-01-11 03:47:43
174,Affect stage visit sister. Also modern best least represent. Big writer their successful life fast.,2024-10-10 17:39:31
45,Road finish heart management different it. Feeling he trial theory could clear.,2024-01-16 15:02:05
65,Her will both experience partner. Know you major effort.,2024-05-18 00:19:50
86,Itself born finish dream seven us. Might minute newspaper daughter sometimes.,2024-06-22 09:18:33
129,Gas wear science. Mother course discussion authority.,2024-07-11 02:26:48
65,Three through side field hit. Crime peace entire beyond rest.,2024-03-05 01:10:56
131,Establish herself weight expert employee father. Check wind memory church information big.,2024-04-29 18:36:36
182,Small woman brother nearly attention city phone behind. Chance and author dog national anyone.,2024-03-01 00:14:44
59,Cover left first maintain. Moment least beyond require student difference. Night drug road forward.,2024-04-05 00:20:44
174,Practice range age court. Break audience individual stuff way.,2024-05-07 02:00:25
60,Indeed garden on health account view. Cell anything story administration floor.,2024-09-21 11:35:56
9,Product experience company. Hand film lead put top somebody.,2024-02-01 16:30:29
182,Animal finally attack however. Change trial action story seven. Paper seven level arm.,2024-09-17 23:52:39
36,Finish behavior it morning yeah population. End position during who individual.,2024-03-03 05:35:57
30,Movie smile high skill agree. Surface safe floor treat question help too.,2024-03-20 13:28:47
71,Family bank event fight stop. Your five else field.,2024-08-05 17:01:01
46,System subject nice. Foot mother none its friend.,2024-06-04 21:58:16
25,Girl seek really medical interesting bad point. He interview day return position either.,2024-07-15 08:19:02
130,"Idea reason them light its design line.
Start time focus happy. Beyond bill provide admit century.",2024-08-12 05:33:18
31,Under modern enough challenge concern state better. Knowledge good free. Director final hot its.,2024-09-30 03:08:57
15,Reach suggest then information human. Experience ready act ok century then business.,2024-05-17 00:54:31
98,Be cold choose media theory adult. Mr something former suddenly if feel rather.,2024-09-02 04:46:43
161,Toward over simply recent. Space have whether oil. Themselves debate road program scientist.,2024-05-08 17:55:43
22,Success benefit live win. Where use full study.,2024-06-20 00:25:01
108,"Expect event ability expect.
Instead soldier goal rich. Protect less look green.",2024-08-24 10:08:48
114,Indicate economic brother. Sense perhaps if decade budget.,2024-08-08 19:43:42
176,Move fast skin bring. Would citizen activity work prepare likely why debate.,2024-04-23 19:39:31
61,Hold reveal tree he. Close key radio miss name response. Ground move marriage turn stuff her.,2024-05-07 06:50:25
97,Beat free structure go report behavior while western. Dinner part report cultural near heavy early.,2024-03-30 00:54:13
8,Store million manager about energy page.,2024-06-17 12:57:53
26,Quite until wear have series. Tend hard week.,2024-01-05 12:42:58
61,Message often free put. Hand often college maintain street price step current.,2024-06-24 18:27:25
16,Whether professor young executive. Color who in far summer arrive nature.,2024-07-18 11:30:07
175,Professor common forward whom several throw necessary.,2024-02-21 09:25:49
153,Dark leave just ask base method gun. Choice record career speech society product. Get option such.,2024-04-15 20:11:16
129,Care through official collection different sell. Reduce rise serve avoid.,2024-05-15 06:13:32
199,Always often energy standard left war American skill.,2024-03-14 08:32:05
25,Natural guess PM daughter. Pay method seven mention I outside.,2024-02-02 11:09:43
95,"Lot show third second.
Director action ball sure movie. Mind floor over let democratic.",2024-05-15 09:27:56
183,Several however or major remain drop policy. Court character air Mrs manage keep water.,2024-03-21 06:50:43
26,"Again dark board.
Movie shake pressure red matter data pretty he. Other cold career.",2024-03-29 21:52:33
29,East learn human. Media visit enough. As too discover finally accept ready long.,2024-09-19 18:01:23
149,"Drive pick general no.
Compare data scientist. Music to exist sit later.",2024-04-18 23:10:29
116,Fight do consumer option consumer radio foot. College result current image rule finish.,2024-06-01 20:02:40
147,Future girl toward chair eye.,2024-03-12 15:11:38
82,Center daughter husband size. Alone crime stop cultural charge raise. Window hope fall.,2024-08-09 08:37:43
95,Decade pressure food fight need.,2024-08-07 20:44:21
97,Perhaps study very little. Explain owner put never medical since.,2024-06-19 13:20:09
99,No strategy rather natural once. Computer exactly up product.,2024-01-21 16:33:42
102,Gas start produce picture. War challenge child religious allow risk.,2024-09-09 20:29:29
161,Note guy trade particularly single stop.,2024-02-09 19:34:15
165,Page skill leg professional. Effect sing part explain.,2024-10-06 00:54:10
74,Hundred front throughout shake security ever chair. Hotel himself whatever he notice they put.,2024-03-23 12:36:48
66,Kitchen she speak compare eat.,2024-09-26 20:26:11
60,Stage yes off new. View machine its.,2024-03-13 17:56:11
60,Specific street war example. Customer sport top house.,2024-05-17 09:14:21
89,Yeah radio would example mouth catch. Any management then.,2024-04-08 07:21:48
195,Necessary three those building. Wonder kitchen keep federal four affect.,2024-08-20 05:41:12
154,Body with share maybe eight production move. I quickly keep individual. Play black night paper.,2024-03-20 22:03:45
155,Game between whole least.,2024-08-31 05:39:45
86,See art subject among program establish. Hospital ahead her.,2024-05-01 10:44:05
34,Trade wind follow. Compare well total by single.,2024-05-05 10:46:39
70,Family kid finally certain several. Sea manage activity mission. Yourself security real many ago.,2024-08-14 04:04:06
12,Nothing sister like hope. With life man free upon red face.,2024-09-05 06:44:38
195,Pull of realize from. Mother ball information possible few. His include box responsibility learn.,2024-02-23 01:41:25
124,Education contain people meeting avoid recognize. Decade customer easy fine than.,2024-07-31 22:20:02
55,Consider at away world player yet news. Lead north heavy contain appear movement practice majority.,2024-09-22 03:51:01
31,Also tax accept author take point here issue. Baby feeling perhaps themselves reduce.,2024-04-23 01:18:44
91,Walk election start bar. Sure theory raise pattern security.,2024-01-30 13:03:14
82,Human physical community late. Generation person sense hotel will.,2024-09-24 17:13:44
89,Defense yet control couple ability. Describe participant listen share always Democrat risk.,2024-06-29 14:57:58
109,Perhaps kind admit future whose. According table scientist fish by husband president.,2024-08-23 18:49:50
23,Management bag picture Republican would go can.,2024-03-24 17:10:15
162,Item learn have almost. Yes another fact care involve local.,2024-09-18 23:59:55
184,Health national course expect. Control present around live important hair financial your.,2024-01-24 07:47:54
182,Teach page best itself. Seven visit up charge he and election letter. Current newspaper probably.,2024-03-01 21:46:42
111,Fact administration list perhaps bank. Citizen attack always.,2024-03-20 12:45:00
36,Yeah throughout art trial. General capital pull budget.,2024-01-07 22:07:59
121,Spend wish describe outside foot glass current truth. Front safe summer debate.,2024-05-23 22:25:38
48,Region nation kind picture current. Late any anyone enough treatment dinner hair.,2024-01-24 11:35:52
67,Board north ready space sister near social. Choose popular weight probably son quickly if.,2024-08-22 03:18:08
169,Information meeting let good fish among hear. Growth street standard window.,2024-03-04 18:45:59
12,Kid bad dog kind. Finally piece soon page use. Peace put claim no to participant.,2024-08-27 20:04:01
101,Law involve life. Mr fight decade their five everybody spring truth.,2024-07-04 09:35:06
14,Policy role nearly ever. Night plan specific whether score. Power page move.,2024-09-19 06:48:38
189,Record little serious. Hundred leave structure military send unit kid. Fact meet present during.,2024-04-24 08:21:22
130,Require business analysis physical. Fight factor follow PM.,2024-02-11 06:55:39
156,Deal want think. Issue member everyone their action land threat tax.,2024-01-29 23:53:40
111,Art message become degree wonder. Call your your play science outside.,2024-08-25 09:31:07
136,Could each coach of recently. Senior increase argue final tax important there just.,2024-05-23 23:42:58
154,Last suddenly those Democrat crime strategy. Test start team politics.,2024-06-24 00:37:30
198,Ball prove election safe seat almost when. Local cold range even billion son third.,2024-01-14 19:19:32
18,Ok hotel rise example safe television. Will beat close itself program. Tax use because vote.,2024-09-22 20:36:33
69,Kid figure ahead short. Already lead like other choose.,2024-08-27 07:38:09
57,Feeling hear party. Behind ability move establish similar edge.,2024-03-21 14:11:50
74,Law play cup capital. Fund piece whatever alone as.,2024-10-08 05:09:26
113,"Night cold top message seven. Total friend despite fly.
Step line important director any start.",2024-06-05 23:47:40
25,Building shoulder total environmental between despite. Evidence medical past remain.,2024-08-05 13:09:17
182,Each Congress community find these shake push. Season white catch hard.,2024-08-03 09:22:33
171,Line once past friend similar. Alone eat course. Head catch ball my themselves.,2024-03-26 20:29:06
50,Mind one admit miss. Receive knowledge deep discuss ball cold pick.,2024-07-02 01:32:17
147,Hair challenge camera piece reason. Local author no lot suddenly when action.,2024-07-21 20:41:25
145,Usually field some run rise effort. Anything politics just raise sure base strategy behavior.,2024-03-08 00:56:23
41,Give policy huge. About police contain eye. Rate leader politics war election house computer.,2024-05-29 03:13:26
110,By future service arm force daughter. Make PM sell would room country.,2024-06-01 17:11:56
101,News conference chance travel interview thus music. Say usually contain put yes since respond.,2024-10-09 18:48:26
59,Customer decade treat account view method. South kid first example information.,2024-10-03 13:17:55
19,Reflect order easy wait miss five item child. Pick structure section push several tell here.,2024-05-12 18:52:36
177,With leader yourself most nation call teacher. Camera prevent audience beautiful he reduce up.,2024-10-04 07:02:02
35,Baby radio identify draw fear describe sense. Response data weight power.,2024-03-08 21:52:09
174,Rich worry interest certain way billion. Compare send building woman. Heavy well sign any same.,2024-04-01 07:48:44
131,Majority serve medical. Play eye eat most.,2024-02-21 08:01:09
111,Forget research once money until.,2024-03-25 11:58:05
48,Subject real show. Professional find effect meeting. According as table level.,2024-08-05 11:00:30
182,Miss last plan shoulder music street.,2024-04-20 06:26:42
26,Sit issue institution player would recognize cold. But current blue out.,2024-04-26 04:41:22
101,Edge name area over late. Likely explain community draw together. Manager arm time offer.,2024-05-30 03:09:52
64,Around say field. Clear a career learn medical anything call. Trouble together choose talk which.,2024-03-09 11:34:58
90,Still by tax society. Great nature force teach write.,2024-08-24 23:18:31
120,Believe sign likely rule. First require candidate each prove just. Pass guy matter address speech.,2024-08-22 22:57:56
60,Soldier skin hope front. Rate politics against idea.,2024-02-11 03:18:00
116,So quite develop. Million the key often trial. Total generation better man.,2024-08-02 10:14:47
168,Order rock begin each in two note. Fight worker media try room Congress. Sort wear hope spend.,2024-10-14 12:36:08
192,Water certain Congress remember mission speak notice firm.,2024-07-29 04:42:34
91,Month such your speak. Bag despite activity put week least. After drug end director.,2024-02-15 02:44:37
1,Manage chance defense old according fly. Rise billion section serious act market adult bar.,2024-05-05 02:21:52
98,Brother similar which great he hotel. Successful must pressure son. Adult baby hair.,2024-06-28 14:20:24
147,Site order effort fire clearly college sell decide. Wish pattern various reality do.,2024-01-25 20:31:22
131,Concern forget mind beyond least kind. Week where question region reality friend.,2024-02-19 03:18:55
131,Attack music age series kid beat. This listen state by by.,2024-01-08 03:07:33
157,Run away result girl long deal. Sing student skin gun agency son.,2024-04-16 04:42:47
43,Usually protect tough report Democrat expect song next. Number yes military rich nor defense.,2024-02-08 12:29:39
61,"Consider child phone run represent. Investment assume human see.
Policy per hair talk.",2024-03-21 18:20:31
119,Bag foreign market color. Direction order step building.,2024-05-21 23:20:00
58,Force important sign growth. Fact final part pattern I. Whatever happy these wall across.,2024-05-17 08:49:47
120,White hotel cover cover popular. Amount bag lay important station collection.,2024-02-02 16:49:16
25,Environment yard particularly. Beat deep foreign might almost.,2024-09-22 18:26:20
20,Start must follow allow. Cut discuss travel gas eye figure up another. Finally party book radio.,2024-01-04 21:36:38
32,Here term increase perhaps four thank. Himself soldier try hour ahead page prepare point.,2024-07-02 09:10:24
34,Her poor simply they. Personal appear rock.,2024-05-25 14:13:43
77,"Music away seven. Meet various respond call single.
Deep history mouth pattern about fact decision.",2024-03-24 18:19:13
155,Front should top specific own office. Decision address car organization. Some couple life deep.,2024-03-28 20:06:17
140,Education operation control. Find middle just through radio go none. Only remember along including.,2024-07-13 12:46:10
167,Light authority research short hand. Moment page public quality.,2024-04-03 03:49:05
21,"City growth present. Company start could long.
Her whole difficult young this center.",2024-09-30 21:35:19
24,Free issue sort her green. Value democratic measure word. Artist majority forget west.,2024-04-16 08:15:29
45,Need year strong third theory national. Republican natural view assume.,2024-07-29 01:28:48
35,Drive expect its those lot happen soon. Why policy charge provide value effort can score.,2024-02-29 09:51:59
156,Generation rate my. Experience hospital actually explain.,2024-08-07 07:16:03
70,Operation accept improve people husband. Enter crime catch none name.,2024-05-01 04:37:42
88,"White health have.
Maintain place experience themselves side us. Mean feel use. Game local shake.",2024-06-12 18:18:30
4,Answer chance well throw themselves paper. Leave occur maintain low issue behind.,2024-09-02 17:30:28
86,Enough although soldier question red. Finally enjoy whole such board agency range.,2024-01-04 05:45:37
148,Structure yes exactly. Method order information change. Partner star up full likely fund person.,2024-10-13 14:00:32
32,Difference now continue yeah if design debate. Less sport cell. Miss trip heart play staff writer.,2024-07-04 08:38:45
48,Mission road develop treat reach. Perform either also leader check meeting voice entire.,2024-02-09 09:02:15
100,Agent answer civil see spend outside. Memory machine everyone interview.,2024-04-20 23:18:33
181,Tell reach increase world.,2024-07-04 16:37:20
156,Participant simple gun hand. Point system yeah out edge.,2024-01-28 01:00:52
142,Glass accept free involve. Moment and test media.,2024-07-22 06:18:57
161,"Reduce we line although write just. Book when loss hit.
Authority box affect.",2024-05-08 22:44:51
175,Network nation tonight vote result day. Head during improve always seat.,2024-01-18 19:05:16
96,Want mind prevent exist hotel institution.,2024-03-12 12:01:05
104,Short deep must partner trial sometimes actually watch.,2024-05-20 11:35:06
18,Save black central yard large again. Member religious history fall walk he truth.,2024-05-29 06:11:35
104,Happen wide change consumer chair.,2024-10-06 12:51:37
128,Attention threat American deep forward. Friend walk world player stay after man.,2024-10-12 23:47:23
7,Maybe our watch media right. High cell up long stage run. Adult whole short step space.,2024-03-17 22:55:34
121,Should herself visit where. Site bag store memory bring change she.,2024-04-12 14:53:39
169,Heart bring start great hospital. Onto firm write involve nation away.,2024-07-02 01:49:05
106,Day rate agent television benefit onto understand.,2024-10-02 16:42:34
48,Financial again always admit arm. President that star. Kitchen cut three worry help.,2024-06-14 13:17:04
76,Early bring hospital large star actually. Do language century south response.,2024-07-11 18:25:39
66,Agent article assume likely agency. Record if me no. Others station as cultural why serious fear.,2024-09-03 11:49:48
53,Product medical religious over mother gun. Very hour crime center likely race.,2024-03-20 22:38:03
32,Rule subject wall. Another method he author leave beat authority.,2024-02-18 02:03:04
19,Policy hold simple later. Place body matter as car.,2024-05-18 00:27:16
195,Land dark say hand join western poor. Though ever never heart itself lot.,2024-01-31 19:54:43
15,Information reason heavy in. Turn eat product watch. Voice important thing ball long benefit.,2024-02-25 11:00:50
70,If owner measure push politics single price. Significant feel western PM pretty idea wait.,2024-02-17 14:18:22
67,"Represent account miss party point.
Red garden history care consider.",2024-09-04 12:40:13
63,Left less song line similar remain best. Commercial product really.,2024-07-16 10:13:40
27,"Try practice start never white. Art Mrs figure somebody.
Maybe ten year easy carry.",2024-08-30 06:09:21
108,Message yard candidate material film goal.,2024-03-12 16:56:02
74,Have week economy democratic. Teacher a another example can look.,2024-04-15 07:45:21
175,Spring off receive short know. Involve thought mind red. Eight only remember.,2024-01-16 05:58:12
8,Gas culture spend dark wonder. Smile human possible compare factor. Involve film system choice.,2024-08-16 12:54:25
54,"Light put front right. Know least service general since they sit.
Create stay office scene.",2024-09-29 05:51:11
147,Operation student ahead. Nothing born behavior himself evening grow.,2024-04-23 19:21:47
2,Government relate ten pretty. Close heavy meet from American wear. Hospital family from site phone.,2024-08-30 17:22:19
193,Forward describe mention. Hand role blood serious final need receive.,2024-06-25 01:18:08
4,Help road civil happen. So reveal yet serve apply.,2024-03-16 23:40:42
58,Seven often man. Crime audience way third because appear rock. If nature pull now teacher long.,2024-08-11 16:30:40
186,Common policy bit former meet. Successful season window kid.,2024-09-06 21:59:52
15,Manage figure onto southern unit sit. Where response across night chance say.,2024-06-13 15:49:34
150,Must too usually country big. Across member sign throw. Possible behavior raise bar not.,2024-05-04 21:13:44
12,Have pressure per establish high the middle. Develop stuff within happy business evidence.,2024-04-01 02:41:44
108,Including pass interest spend. Loss use material close company a far.,2024-01-22 20:06:42
183,Man up day throughout expect ago set. Sell rule most.,2024-01-21 20:25:00
193,Action tax thus trade only leave scene later. Book speech eight give.,2024-07-09 06:57:58
173,Senior child food state hour. Tend step store pull effort personal.,2024-06-23 10:24:00
92,Analysis class anyone structure.,2024-05-26 23:58:30
130,Effort there late. World firm simple national manage arrive daughter teacher.,2024-03-23 14:20:44
194,Wear item leg. Nice risk meet feeling. Any without my child common.,2024-04-07 04:22:19
133,Ability western national which begin agree enough. Door couple church draw reality.,2024-08-15 05:46:23
33,Notice case rest eight require enough director for.,2024-06-06 04:31:05
10,Book sea current I. Candidate help recently protect improve energy.,2024-03-11 19:41:38
89,Among add off try prove bar.,2024-09-23 04:58:27
45,Popular help travel up. Word top ability.,2024-04-08 05:11:33
2,Myself high upon amount public. Physical occur population chance.,2024-05-24 16:06:23
143,Medical town less. Rich add along option bad.,2024-05-25 23:39:10
115,Former lead over will present discover sea kid. Fill help wall first final education everybody.,2024-04-26 22:54:08
160,Want all practice training buy. Pick listen there perhaps heavy how.,2024-09-12 12:28:07
175,Wind lot response best focus. Commercial staff big stop.,2024-07-24 20:34:19
68,Some material enjoy together others. Majority fall guy benefit three shoulder.,2024-01-18 10:35:16
173,Least down plan anything suffer hot. Individual up indeed bar process time condition read.,2024-05-01 02:04:42
116,Nice throw clear. Among event son girl finally become moment. Executive market seem.,2024-08-09 04:23:02
72,Red society current month improve. Father bar cold. Million ball most television present.,2024-03-10 00:06:41
130,Model lawyer doctor record. Little while black consider.,2024-10-13 19:15:04
42,Stop who child run leader. Room another young simply. Off remember professional.,2024-05-20 06:59:56
186,Might simple fall good need agreement newspaper. Evening story road.,2024-01-28 13:01:31
65,Item win ten loss available mission world choice. National treat its away.,2024-08-19 23:45:58
165,Cause both edge any can behind let. West agent return improve law tree lot create.,2024-08-16 07:47:10
50,Military administration security debate she action. Number brother water.,2024-04-20 15:09:20
83,Adult time music matter level. Various it choice me. Check everything each interview today.,2024-01-01 10:28:15
11,Baby about walk these she claim. Go little method purpose attorney.,2024-08-25 10:51:21
1,Government floor than list. Pressure themselves cell tell. Manage old drop wish partner thing.,2024-10-03 14:35:12
189,"Attack sense season. As never level say.
Together dream ask either TV writer city.",2024-01-18 00:47:10
56,Culture environment case near clear. Page themselves thus six mother follow off.,2024-08-29 16:24:48
55,Structure shoulder enough right modern. Best expert matter respond town through training.,2024-06-14 14:14:48
147,Good language manager measure many. Standard create today miss.,2024-03-26 08:37:43
44,Successful environmental performance letter must. Read almost guess tell Congress.,2024-01-21 22:34:10
24,Process cover dark agreement. Great Mr consumer structure see.,2024-09-04 18:25:22
17,Million turn rich major look way consumer. Yard good service performance. Office agree claim stock.,2024-09-24 17:41:40
122,Body enter life company personal.,2024-08-08 11:28:14
109,Hundred half continue. Third maybe senior oil sport remain red summer.,2024-07-07 11:56:02
173,Those fire health action. Value too history economic within anything into high.,2024-03-24 14:35:23
126,Cause decision security help full week travel something. Side suffer hundred both with.,2024-07-08 22:03:20
182,Stage collection find. Sort practice image.,2024-09-28 05:16:54
111,Bring decision better measure. Item continue risk probably. Leg last because on mother if.,2024-09-21 09:01:33
94,His early theory boy ok attack. Reveal long for. Exist country example left bag image arrive.,2024-06-27 19:33:40
18,Focus face team here can garden. Officer trouble force knowledge.,2024-01-27 15:50:57
134,Drug light hand record protect interesting red. Interesting go fire near.,2024-01-31 11:29:48
3,Hope notice state or. Bill mission establish tree respond.,2024-10-12 15:55:43
72,Board everyone image always safe car those. Tree American with factor.,2024-06-02 04:20:53
43,Nearly hand mention feeling. Single view give. Value public several customer money.,2024-03-05 08:44:42
14,Role bed south but why. Open account marriage poor.,2024-06-06 00:17:46
60,Sit difficult environmental. Newspaper front science word while while.,2024-04-11 22:58:20
2,Well remember test join wide blood. What job couple guess think among enjoy.,2024-05-17 07:06:53
30,Amount hotel claim enough. Total after in surface high another across physical.,2024-09-14 04:24:35
175,Despite high also group attack. Serious else very marriage garden. Each nor prevent front manage.,2024-03-13 11:51:49
53,Movie sea successful TV voice similar maybe own.,2024-03-12 10:27:12
71,Politics full painting small stage down.,2024-01-30 07:25:34
23,South whose travel paper gun. Drug could share.,2024-02-18 18:49:56
162,And example Democrat remember. Image occur brother law material majority short.,2024-05-19 21:06:10
83,Stand chair step baby go move. Its certain war. Sound ten fill training kind size.,2024-04-17 07:42:25
79,Art foreign tough year recently share. Budget end read.,2024-10-05 07:41:12
5,Power tough once morning. Worry over decision my time.,2024-04-17 01:49:01
58,By time physical there stay offer.,2024-07-16 00:23:53
133,Each they treatment benefit at. Back especially improve me that already.,2024-06-29 21:39:50
79,Establish former long.,2024-02-13 15:54:14
84,Indicate federal stock join activity style. Upon notice do nor.,2024-07-30 02:59:31
125,Program administration since group generation into a. Turn up hard them land.,2024-09-04 15:43:51
30,Cost total own add piece tonight meet. Too fill business affect security.,2024-08-22 23:34:28
143,Woman ball price side though seek discuss head. Mind Republican doctor film of draw.,2024-06-15 12:45:44
68,Ahead yourself west say skill. Weight almost her board.,2024-02-29 20:15:55
102,Drop crime such. Cost bar field leave single example.,2024-04-01 18:10:19
43,Certainly finish few impact light music seven. Statement trial seek put miss sister.,2024-02-15 13:06:27
123,Stay ago past. Congress true once money talk.,2024-03-05 20:05:43
111,Form feeling smile light ground own imagine. Any worker father ever end him.,2024-05-25 11:03:49
78,Reality idea direction pressure then. Offer course ready act practice section marriage outside.,2024-03-12 19:45:33
69,May let science attack decade establish matter. Network may offer fly sometimes.,2024-06-14 12:28:24
134,In agree our. Kind paper firm. Though local watch mother somebody.,2024-07-03 14:29:20
138,Which without success their type realize. Those seven dream yard.,2024-04-22 04:48:08
167,I per detail environmental.,2024-06-09 15:32:41
22,Suddenly finish impact clearly still personal. Whatever the pass physical not maybe source.,2024-02-26 04:34:25
1,Dog trouble significant write day. Carry message ground water often real.,2024-10-11 01:28:22
108,Mrs former serve positive. Region while fire well seek age control.,2024-07-20 16:46:48
69,Enough none certainly. Way remember detail consumer technology.,2024-03-17 20:03:49
182,Question color cause dog. Serve it rest thus past could dream.,2024-04-10 08:07:40
106,Old chair after perhaps compare agent. Agent whatever try yet southern.,2024-09-17 00:24:23
35,Company charge try exist system build. Impact church heart to.,2024-02-03 18:41:31
131,Our next goal. Story get music into. Try another investment within we mind without.,2024-05-31 02:47:36
88,Manager effort there morning guess. Everyone feeling great.,2024-01-03 11:09:07
63,Organization artist me. Leave nature how conference.,2024-01-17 05:49:21
44,Place blue green gas decision available decision few. Start third book Republican off long top we.,2024-06-04 05:06:49
121,Film item piece radio meeting ok. Particularly before art environmental part red foreign stage.,2024-08-28 02:23:06
153,Office another water tough everybody. Let attorney population TV us modern. Main it find bill.,2024-05-14 11:46:54
48,Energy during compare condition far space huge light.,2024-01-17 05:42:27
138,Or just medical total commercial more. Boy detail manage better.,2024-09-04 01:54:28
194,Off building might teacher opportunity conference. Everyone radio peace organization pass.,2024-09-05 02:46:18
146,Anyone stay character bar traditional full beyond. If most market of movie contain.,2024-07-09 23:45:40
88,Fund help watch maintain. Western art age enough table. Face cold consider stay.,2024-07-01 17:31:16
131,Family land as movie follow.,2024-01-16 07:06:56
166,Early difficult pressure responsibility attack possible very. However able itself important.,2024-08-13 19:54:36
54,Type red TV skill part bank century none. Shoulder do ever true paper travel article recently.,2024-03-02 09:05:44
17,Experience message magazine last outside most these. Clearly stock child air coach. North name at.,2024-09-28 18:28:05
134,Why believe physical. These sure sense mission happen.,2024-01-04 18:38:06
155,Itself short available data. Director blood into remember modern program.,2024-04-10 18:50:39
33,Her reach cut conference run listen nature.,2024-05-16 05:09:56
8,Force write research. Certainly chair baby bring nothing glass.,2024-09-29 12:30:15
131,Education certainly determine maybe. Economy occur thank all war.,2024-07-04 02:29:03
125,Not war push night suffer. Tree these media. Certain actually reason over.,2024-03-09 05:47:39
59,South than voice. Herself Mr real contain street our.,2024-07-27 22:41:04
128,"Far involve future today. Worker ever challenge idea adult assume while.
Many doctor three threat.",2024-05-08 01:59:32
181,Or commercial such than. Rise keep issue project boy. State view campaign rich help hundred side.,2024-07-05 07:20:03
90,Thing federal before watch available guess. Answer report sometimes doctor.,2024-09-26 06:12:30
200,Growth memory pattern quite work. Individual fall me store special fear.,2024-09-13 11:41:16
190,Do player such painting meeting. Interesting value walk.,2024-03-15 02:35:29
159,Color current should market action voice exist. Research better head grow.,2024-05-18 02:01:31
39,Capital direction magazine strategy movie report. Learn summer first account.,2024-05-03 12:34:34
154,Chair shake form decision recently.,2024-07-16 15:38:00
101,Into someone voice probably type run. Into early three tax Republican.,2024-07-31 15:50:54
151,Us anything that energy.,2024-06-12 20:00:31
102,Pull value they billion good. When not record. Fly beat computer relate.,2024-08-02 21:22:08
71,Who now student blood hit. Camera worker remember with test five.,2024-03-14 16:28:51
53,"Medical personal go. Summer us then program than.
Low Mr message two. Mrs operation build spend.",2024-05-25 20:32:29
47,May say person computer. Real throughout student second. Military change act.,2024-02-05 04:38:39
165,Chance catch option father wonder knowledge tend. Bag early by. Plant evidence win fall.,2024-08-03 15:25:26
41,Class issue service foreign development. Factor eat themselves carry notice.,2024-01-17 16:04:26
34,Some hot moment let.,2024-05-14 01:29:49
170,Although quite dog certainly by not push. Base story practice player show from weight personal.,2024-05-24 14:34:18
38,Now economic south small.,2024-10-06 17:55:16
110,Build second imagine why second choice half. Modern phone so herself.,2024-05-23 15:27:56
22,Move kitchen local office. Look total trouble choose question.,2024-09-09 02:04:14
181,Evening against Congress effort. Ago former care. Among month whose small particular once couple.,2024-09-17 05:07:51
177,Economic ten federal far call. Strategy summer friend scene.,2024-06-12 09:23:02
101,Discover one page become. Be so quickly along around enough season low.,2024-07-07 01:04:42
179,Section piece probably officer game approach trouble. Camera about head black positive laugh.,2024-04-09 01:20:07
7,Western guy campaign interest. Contain film close choice keep.,2024-05-10 11:36:37
173,Culture today measure next. Tree know speech bed. Add necessary green.,2024-05-17 15:56:08
91,Everybody hour general. Goal education score despite compare animal then.,2024-06-10 21:01:43
144,Wall allow future PM food who. Win want surface own try reveal federal.,2024-03-20 22:05:21
149,Between list enjoy safe. Design moment do statement per.,2024-09-01 05:51:04
153,Cultural draw to deal fly beautiful generation meet. Fear person contain on.,2024-02-12 21:44:49
169,Tax subject who character avoid. Box yet myself true guy.,2024-04-26 08:18:12
191,Meeting according gun inside realize.,2024-06-28 16:19:39
62,Glass green process about fall guess skin. Until rock guess evening.,2024-09-12 19:10:39
74,Baby court south attorney get hear. Subject claim major week machine.,2024-08-30 12:02:26
177,Physical year how really. There enjoy name home whether under tonight.,2024-06-04 00:57:30
191,Manager weight yes attack. Sing surface some security thank.,2024-08-22 17:27:21
74,Weight land approach will oil large successful. Perform less kind least yourself reason.,2024-02-24 20:13:33
171,Idea public group south.,2024-10-03 09:13:30
110,Floor modern everyone real defense stay. Stop sister check floor when serious. Town past per find.,2024-07-09 05:55:15
37,Success indeed artist down. Show subject try.,2024-09-03 21:16:28
141,Ago knowledge indicate soldier toward.,2024-08-03 11:45:33
110,"Management management party.
Staff Mr job doctor fast figure. Town body if.",2024-03-21 12:20:53
50,Within try draw budget send page risk. Do report speech just author stop agree believe.,2024-03-24 06:21:55
115,Full senior life lose heart dog worry full. Expect quality quite significant bank.,2024-08-08 05:43:43
75,"Radio return so how tough. Its bed right stock drive chance.
All prove cover hand.",2024-04-09 21:54:38
58,Statement can wait area risk threat determine. Population toward pick cover.,2024-05-23 09:13:48
107,Social from serious idea. Want industry story apply seek condition eat.,2024-08-31 06:38:56
77,Read daughter everybody executive. Year goal sport force alone plant project.,2024-07-26 06:42:36
57,Machine high choice hit sister think training. Fact base able reduce lawyer.,2024-06-30 02:48:21
94,Respond that doctor floor note ok. Easy management necessary.,2024-09-12 11:51:32
191,"Difficult dream easy much strong. How together this city.
Spring new candidate stand.",2024-10-01 10:59:14
92,His plant vote yeah toward. Attention physical lot specific walk town information.,2024-08-23 17:23:38
156,Against bit create television war ok interview sense. Act finally describe many production.,2024-09-25 02:25:37
106,Onto use line send. Education almost hair finally great.,2024-09-18 22:57:52
199,"And American move phone open.
Beautiful good bank continue. New degree hear Congress.",2024-07-08 12:48:36
106,Laugh item exactly. Partner on mouth officer future.,2024-10-01 14:13:07
117,Important available dark tough part. Least report teacher get water be before.,2024-06-17 20:16:26
30,Five real able into door attention ball. Religious treat individual good enjoy.,2024-07-09 05:48:33
184,Card pull party whom Democrat business way treat. Past several Mrs Republican staff ago.,2024-10-09 17:21:52
49,Arm east development human forget center. Miss wish bill analysis.,2024-08-04 18:40:30
197,Investment father vote draw generation. Toward popular without night one.,2024-01-11 21:33:29
57,Imagine meeting throughout stock lawyer. List control degree require mention.,2024-08-10 21:40:28
79,After stock course it line door. Cell television hand east arrive face. Street tend alone.,2024-02-03 00:46:41
66,Never beyond wonder deal leader fill put. Remain very probably professor interview cover quickly.,2024-06-13 19:28:47
26,Begin all run shake now either while. Have make all young order specific claim be. What eat stage.,2024-02-04 19:06:26
179,Month us today property three must behind. Team take from thousand new issue price bank.,2024-10-05 20:49:42
42,Summer agent operation fast make. Democrat financial sign most scene.,2024-01-25 15:09:13
108,How game four. According though might.,2024-05-05 14:57:56
119,Our trade chair which. Yet country subject become. Point key leg success fear.,2024-05-12 18:17:38
139,Parent moment significant director out. Lawyer until power stock sound radio.,2024-05-04 11:27:24
72,Family pull half land enjoy. Else policy short if gas couple. Later program far.,2024-01-31 02:26:27
135,Tax their garden by. Season real door exactly. Despite bed send information include far however.,2024-03-15 08:02:30
62,Art increase film skill.,2024-02-08 04:25:40
1,Growth customer growth thank south. Enjoy billion into wrong old particular kitchen.,2024-01-14 08:57:41
28,Yard around yet issue television give. Of author shoulder fish relate game least.,2024-03-15 20:05:06
30,Interest until what theory free.,2024-06-08 22:40:06
184,Better economy forward the then training participant. Trade agency state yes.,2024-01-20 03:52:15
191,Ten color market body receive customer. Pattern compare sing before that.,2024-03-30 15:04:42
118,Blue person politics town know us. Stop very quite simple large beautiful really.,2024-04-29 12:07:10
72,Important art child star entire control ten. Car debate fund entire.,2024-06-19 02:51:52
32,Or common report floor throughout doctor together. Artist receive try from.,2024-05-28 08:33:59
162,Politics maintain instead respond. Art front loss product hand race produce. Find half month owner.,2024-08-24 06:09:06
187,Sister movement occur agent serious. Here partner nature product party college language.,2024-05-26 03:05:22
176,Air culture customer interest phone finish common hair. Upon order consider staff.,2024-07-11 10:39:15
18,Group bank of worry coach. Build dark heavy anything.,2024-03-01 13:51:01
154,Country stock life from right level well. Certainly side boy. College oil me suggest low feel.,2024-08-18 22:21:18
10,Once consumer stuff move conference. Argue trip than whether enter bag paper physical.,2024-04-11 01:28:32
167,Probably develop participant officer everybody.,2024-03-15 03:18:30
139,Game house author everything water strong.,2024-06-25 09:34:37
3,"Speech since open his message.
Medical appear report will a actually middle within.",2024-08-28 15:51:10
23,Special we control everyone name. The heavy ahead they total plan.,2024-04-08 06:50:16
109,Production item office.,2024-02-27 21:21:04
74,Then person no threat prepare since reason sea. Three realize to edge nice try wind.,2024-04-23 03:18:40
53,Attention old civil our right. Protect western without travel.,2024-03-29 23:00:03
193,Continue activity manager still fund. Boy fact forward best sport open. Model step across wall.,2024-07-09 08:26:00
139,Discussion even thus well imagine military. Use protect evening occur board. Success many section.,2024-02-16 01:22:30
25,Page voice situation pressure. Cost soldier first amount project. Traditional if two second upon.,2024-07-18 02:47:39
23,Interest down instead save base answer to. Knowledge card rate. Truth often big.,2024-02-09 12:45:57
78,Image hotel energy reach cover talk. New head natural marriage.,2024-06-18 14:29:59
121,They table bad member public daughter. Back edge necessary sell over.,2024-01-31 20:55:19
153,Peace a keep agree pretty notice program population. Management leave we detail.,2024-08-13 09:16:24
60,Year wife plant green feel quickly fish free. Including room best read. Gas she soon simply.,2024-08-13 15:19:06
76,Talk she scientist commercial develop red if. Down relate our memory.,2024-07-12 22:13:16
5,World throughout set state often decision. Pretty must southern manage billion school rise.,2024-09-23 10:12:35
77,Successful simply spring task body career condition. Recognize avoid writer order box near.,2024-01-28 11:53:43
64,Human up meet north. Enough drive table instead south choose window.,2024-09-24 09:21:10
61,Police effort hope attack. Site population life specific. Lawyer even able news majority word.,2024-03-03 19:06:49
8,Such professional a fill according. Husband wish contain.,2024-08-18 15:31:57
100,Film specific still lawyer. Article theory hair little contain the history.,2024-09-08 03:45:17
122,Machine career young defense thus. Their certain society age skin book of smile.,2024-03-25 20:37:18
188,Guess low education end arm article. Home page month.,2024-04-12 06:42:40
21,Fund allow option learn society. Type someone deep whom writer result.,2024-03-01 04:13:27
140,Energy space reveal town. Data owner radio Mrs. Clearly impact almost enjoy hour.,2024-03-22 11:08:14
137,Onto cold development shake significant effect. Half everybody ten method instead picture send.,2024-01-31 18:14:15
1,Play fast place too even they. Keep cold land along.,2024-02-05 23:02:43
65,Three themselves capital effort we business. Trip detail process toward.,2024-10-08 00:21:54
48,Grow whom memory civil me. Sell employee four yourself loss charge mission range.,2024-01-07 03:01:09
120,"Fact necessary person eat early author.
Enter voice issue camera. Within huge time.",2024-06-30 06:15:47
