video_url,video_title
http://franklin.com/,Player nearly this act.
http://www.mcknight.com/,Discover forward.
http://www.chavez.com/,Stuff product PM until main.
https://www.mcgee-castaneda.info/,Some white writer TV national.
https://www.adams.biz/,Money able this.
http://www.gutierrez-vance.biz/,Arm go fight our.
https://grimes.com/,Thousand throw market available.
https://gould.net/,Truth human sell.
http://douglas-bush.biz/,Condition security board year.
https://www.montgomery.com/,Call buy order significant walk.
https://www.reeves-king.com/,Analysis learn interest.
http://www.sanchez.com/,Especially across.
http://kelly.com/,Board type carry full usually.
https://davis-little.biz/,Seven TV there.
http://www.stout.biz/,Soldier much gun spend.
https://www.sanchez.biz/,Would back poor.
http://lucas.info/,Single medical.
https://berg-french.com/,Bad air article reduce.
https://fitzgerald.com/,Protect material over billion.
https://www.garcia-jones.com/,Three west south.
http://garcia-fry.info/,Third law.
https://campos.biz/,Should address loss.
http://stafford-myers.org/,Series bar.
https://brown-barr.biz/,Seek relationship street enter.
https://henderson.com/,Help goal particular prevent.
https://www.lang.com/,City to community start.
http://www.thompson.com/,Appear treat way live.
http://www.bridges.org/,Next impact bar.
https://www.king.com/,Prove free very.
https://maynard.org/,Family main.
http://www.fisher.biz/,Look mission figure election.
http://www.parker.net/,Amount total professional bit coach.
https://holden.com/,View especially candidate power control.
http://www.goodwin-barnes.biz/,Wall wear future something plant.
http://harris.com/,East professor nature.
http://henderson-travis.com/,Camera we human laugh thank.
http://clark.com/,Spring Mr again.
http://mullins.info/,Final organization list activity cultural.
http://clark.com/,Federal value she.
https://turner.net/,Accept human out job.
https://english.com/,Skill husband agency.
http://rodriguez.com/,Clear buy east alone hair.
http://barnett-mccall.info/,Movie single may traditional.
http://www.bryant.com/,Suddenly these carry local.
http://russo.net/,Wall not break.
https://brown.net/,Prove show.
https://williams.com/,Big will national.
http://martin.biz/,Young director every step lawyer.
https://acosta-curtis.com/,Field series gun father democratic.
http://www.macdonald.com/,Sometimes stand with again.
