courseId,userId,message,createdAt
83,40,Than war owner.,2024-04-25 07:43:16
81,101,Financial administration there take along ok subject.,2024-09-07 01:07:55
45,199,Second include bring power.,2024-03-19 14:48:40
76,56,Foot about full both wait but wall.,2024-05-27 06:14:17
64,170,Teacher another school benefit forward.,2024-05-14 15:21:48
27,85,Opportunity hand its free evening walk television happen.,2024-10-04 11:11:55
35,47,Attention color radio during security defense chance.,2024-06-23 12:25:53
4,101,Purpose color answer owner one fall.,2024-04-17 16:28:37
58,138,Husband beyond human be smile begin moment.,2024-09-15 05:13:30
64,120,Professor structure off study unit.,2024-02-15 09:34:10
21,124,Also yet information election wrong which role bank.,2024-02-19 09:53:50
79,9,Then receive former face.,2024-10-02 11:39:21
47,146,Half food summer alone get character arrive.,2024-06-12 05:45:01
1,194,Fine yourself room week purpose.,2024-02-09 02:25:04
93,19,Item bring what travel until.,2024-01-13 16:45:56
96,49,Necessary bill may hold.,2024-04-21 01:24:32
19,84,Fly each if issue.,2024-07-20 10:23:12
37,179,College physical figure.,2024-02-22 13:03:30
45,80,Yard fall list mouth.,2024-02-18 10:57:53
91,180,Several part hundred accept factor throughout per.,2024-06-01 11:53:26
89,49,Nice data travel easy find sound drop seat.,2024-04-10 14:09:11
49,179,Big successful conference sign.,2024-04-22 00:39:30
8,191,Door force quite all note.,2024-06-05 22:00:13
30,20,Take south whose rich executive job.,2024-03-28 03:10:08
47,102,Part skin star think.,2024-06-21 10:03:59
31,17,Activity trouble everything situation ask.,2024-01-09 10:23:04
59,180,Herself small and.,2024-03-09 11:38:34
100,12,Simple area result.,2024-04-04 08:00:26
20,46,Future vote same debate reality travel.,2024-07-18 07:23:16
87,137,Performance at grow film control.,2024-09-25 21:18:11
10,39,Court participant artist office.,2024-04-27 00:12:57
89,42,Degree support crime protect born paper result.,2024-09-22 21:36:06
31,34,House car exactly plan.,2024-07-16 21:31:04
18,197,What beautiful at conference.,2024-07-16 10:25:20
59,103,Bring without while.,2024-07-25 20:38:18
50,171,History foreign magazine family.,2024-05-26 10:47:20
67,69,Ever candidate time under from number prevent hit.,2024-04-10 23:01:01
2,46,Choose lay sense establish box.,2024-03-13 12:13:28
62,13,Hundred myself civil far oil indeed.,2024-04-24 09:22:36
79,169,Quite off idea sign cell.,2024-01-12 06:35:02
30,91,Play conference loss one director.,2024-01-20 15:45:27
99,6,Main beyond door.,2024-05-07 13:57:19
25,78,Which think very hotel realize.,2024-02-17 07:58:39
98,113,Fast minute social that.,2024-02-13 23:41:59
96,196,Sound difficult water of season.,2024-01-08 23:21:53
27,50,Idea probably never easy party.,2024-09-12 17:14:37
61,25,Nearly computer protect.,2024-09-21 12:27:43
32,58,Trip or service none off challenge.,2024-03-15 05:54:49
45,12,Media whatever it.,2024-07-07 21:51:04
35,51,Ready kitchen nothing yes fly.,2024-02-05 12:32:56
51,6,About recent should together analysis arm range forget.,2024-06-13 19:13:41
9,38,Necessary series program beyond.,2024-03-25 22:16:09
43,4,Specific fill collection mean.,2024-02-14 02:26:11
34,82,Lose factor daughter together action vote such.,2024-01-19 09:45:07
4,73,Series community Congress off under put heart.,2024-02-04 20:34:55
17,86,Image too sure little school six current dark.,2024-08-11 14:46:30
75,178,Left beyond listen red how oil difference.,2024-01-29 15:04:26
64,99,Style level use upon bit much to.,2024-01-17 00:01:22
82,137,Meeting lot through.,2024-10-09 01:55:01
57,138,When thus writer them financial successful until.,2024-01-04 04:28:16
98,139,Sometimes just interesting list most.,2024-09-09 10:20:15
61,23,Personal win see.,2024-05-18 13:20:39
12,113,Nearly billion federal table wear understand trade.,2024-08-02 08:35:41
63,190,Us one open meeting reveal water.,2024-03-30 19:10:20
87,58,Stand lay listen buy.,2024-06-09 15:30:04
47,25,Although win rather president strategy consider trip.,2024-06-16 01:15:31
98,151,Fear minute foot pretty these company fine.,2024-04-01 13:59:49
76,169,Their take beat three blood poor lawyer.,2024-05-14 22:45:14
52,3,Read board article any difference person recently.,2024-09-05 02:51:33
43,146,Movement example body.,2024-08-15 11:49:47
74,35,With part nature with.,2024-10-04 04:47:28
94,82,Professional how arm.,2024-03-27 08:36:15
84,157,These recently lot.,2024-03-31 07:20:51
38,72,Figure arrive position class law.,2024-07-31 12:35:15
4,107,Research current your decide point.,2024-09-19 16:56:58
85,90,Bag last arrive effect try year grow.,2024-09-26 03:11:02
45,72,Board save actually time.,2024-09-28 21:05:09
37,96,Perform let exist evening.,2024-03-18 13:59:44
25,186,Myself and three add guess soldier color.,2024-04-26 23:11:44
22,134,South ability better recent nothing course tend.,2024-03-08 22:16:04
88,12,Different official future foot.,2024-04-11 11:47:45
66,122,Chair already pull quite choice.,2024-09-22 12:12:20
15,34,Might expect radio marriage recently.,2024-05-12 01:22:52
40,124,Industry toward president cultural teach.,2024-03-23 07:23:27
59,170,Involve today price few raise community.,2024-08-19 22:22:41
31,104,Law tax reality then share care.,2024-05-05 21:11:23
63,127,Decision international manage personal body.,2024-03-16 20:31:16
81,24,Capital house evening.,2024-09-25 11:11:26
27,136,Among say mission decide partner weight.,2024-04-18 12:16:49
55,154,Successful especially result.,2024-08-08 23:48:29
74,154,Suddenly themselves free.,2024-09-22 11:15:49
94,22,Somebody boy lose factor.,2024-04-30 20:03:19
58,149,Nation knowledge quality itself strategy guy clear.,2024-07-01 02:30:32
48,44,Begin follow administration boy media deep course.,2024-01-16 20:50:28
64,21,Debate eye professional two party vote.,2024-03-18 19:49:21
59,130,General wind over traditional.,2024-06-01 22:35:12
59,54,Each gas world have rock.,2024-03-19 05:51:50
16,168,Their mind court mind.,2024-05-03 08:37:56
83,42,Call board wife if catch rise its.,2024-10-13 15:13:41
13,199,Mouth near vote music address system society.,2024-08-12 01:04:12
42,168,Size half second sort a.,2024-05-13 13:16:56
94,192,The resource tree ago put environmental.,2024-01-15 20:33:15
4,179,Administration maintain material win source now price.,2024-04-28 12:55:53
80,70,Approach necessary so out those.,2024-06-14 09:31:23
32,51,Effect ago sense investment own.,2024-04-07 00:32:58
3,152,Black network when.,2024-08-08 08:00:28
63,71,Quickly teacher fly.,2024-10-04 19:02:03
36,152,Too program both day stand country wife prepare.,2024-09-12 17:13:17
26,63,Far around dog three.,2024-07-16 13:55:59
29,71,Off page also once quite deep consumer.,2024-07-31 03:06:06
82,1,Matter go relationship analysis technology everything section.,2024-08-14 02:01:34
95,140,Phone upon ready.,2024-04-08 18:16:27
24,157,Wonder could together size.,2024-10-11 17:22:36
75,113,Energy avoid wrong address fall.,2024-04-06 02:46:47
95,113,Deal those sell same follow.,2024-02-05 02:52:45
66,139,Evidence work century interesting international dream pretty.,2024-07-19 01:31:55
36,17,Just animal will administration sea require father.,2024-07-05 22:41:41
77,182,He discussion support marriage able.,2024-05-12 03:53:26
19,34,Accept agent weight type participant dark.,2024-03-23 08:57:50
48,179,Attention politics white middle set voice whole.,2024-09-19 15:07:31
49,153,Realize process environment.,2024-05-20 11:14:10
67,123,First sign husband bank city opportunity.,2024-02-03 04:26:39
97,60,Appear sister realize two.,2024-10-02 17:33:31
27,162,Data every want charge evening pretty cell lose.,2024-01-25 18:21:49
45,22,Cover happen above test collection team meet.,2024-08-06 23:42:04
38,196,Weight treatment by rest face employee.,2024-03-30 02:26:41
15,181,Newspaper include everybody plan.,2024-06-30 06:53:39
83,33,Deep guy image apply system.,2024-06-07 18:07:04
3,5,Support price subject international.,2024-09-15 01:33:23
49,200,Ok star keep.,2024-04-22 09:17:40
99,131,Miss before understand author join go much if.,2024-06-09 10:20:02
2,200,Win house build lawyer baby.,2024-09-23 06:25:35
69,33,Try reach couple listen read meeting.,2024-04-02 12:20:07
35,70,How science hot property about.,2024-02-14 10:44:22
94,51,Federal box next under hotel state conference number.,2024-07-19 06:53:13
41,102,Single option machine goal.,2024-08-27 17:03:01
4,156,Officer couple amount friend ask.,2024-02-16 18:35:35
15,187,As skill more just seat green look.,2024-07-23 19:36:55
62,73,Across couple could thank business oil treat.,2024-01-27 13:59:58
40,171,Life mother sound near point.,2024-02-03 08:16:43
36,27,Board successful understand.,2024-04-21 22:23:08
59,46,Memory recent sure difference likely economic.,2024-06-06 02:19:38
57,79,Account evening lot trip color role which sea.,2024-03-01 00:45:25
7,116,Discussion coach beat office skill if training.,2024-08-10 06:51:48
66,116,See one line voice manager fish official.,2024-09-22 02:56:04
40,47,Pm benefit else must police clearly.,2024-08-24 02:22:13
80,88,Improve economic challenge campaign walk.,2024-04-26 18:02:49
57,134,Treat expect sit once fish.,2024-07-22 05:14:26
90,163,Oil inside act per everyone weight.,2024-05-19 20:52:47
73,71,Something still training join behind.,2024-10-06 06:01:06
74,49,Upon air inside detail.,2024-01-09 02:01:51
14,194,Face young country several staff move.,2024-07-06 02:18:40
42,39,Mind season nation discover evidence middle.,2024-02-10 17:16:06
29,126,Father save happen young matter.,2024-03-23 18:09:42
5,103,Discussion talk major technology.,2024-09-08 19:14:35
30,24,Natural tell page.,2024-02-16 16:21:09
23,163,Good your color car fill.,2024-08-15 00:31:09
25,77,Picture through participant both should.,2024-05-10 16:10:08
82,70,Environmental imagine allow including note still take.,2024-10-14 12:23:48
88,20,Build space class here film former.,2024-04-21 03:31:46
11,40,Certain bit party manage hair piece list.,2024-09-18 09:47:50
12,143,Fly himself ability family operation leader week.,2024-09-27 20:26:30
75,150,Out late point recently week.,2024-06-24 04:13:28
36,8,Minute statement generation model maintain specific animal sense.,2024-08-20 12:34:57
17,31,Miss our ask better talk finally game.,2024-09-14 16:52:32
79,31,Thought at ask some report.,2024-01-30 01:42:20
41,72,Factor traditional water maybe.,2024-05-06 07:02:23
99,141,Pass establish arrive rather market figure million.,2024-08-14 08:46:32
93,66,Whatever approach other become consider have.,2024-01-30 02:49:33
64,115,Many which interview war.,2024-02-25 22:24:32
13,124,Window economic standard decision order really.,2024-07-05 09:21:42
11,151,Different fire television product.,2024-05-21 18:03:36
87,178,Because place boy significant design culture.,2024-05-14 18:03:19
39,147,Street street just figure.,2024-03-22 23:02:09
98,87,Visit black outside age.,2024-09-19 10:35:45
62,117,Director at several land box meet.,2024-02-17 16:44:30
98,196,Later enter before analysis.,2024-06-18 14:57:20
6,86,Third form cold contain national save.,2024-06-16 08:35:46
31,91,White together field movie improve.,2024-09-13 06:46:23
82,61,Knowledge color student air table special number.,2024-02-27 01:12:04
82,72,Send hundred poor.,2024-02-19 04:07:21
40,80,Leader per opportunity green.,2024-07-12 03:23:48
12,165,Increase with him just wall after group begin.,2024-02-29 16:11:59
86,140,About force mouth thought international adult long.,2024-08-24 07:40:40
26,70,Event space small billion door take.,2024-03-06 10:09:30
5,88,Somebody phone gas individual least investment.,2024-04-16 06:24:44
8,112,Might sometimes explain firm.,2024-08-28 17:15:40
54,71,Rock writer forget notice always end improve.,2024-08-30 22:42:03
52,165,Ahead whose mind he foreign top instead response.,2024-04-25 01:33:39
53,113,Base responsibility Democrat effort everybody.,2024-03-12 05:07:34
47,35,Collection artist government friend something economy answer argue.,2024-03-21 11:24:16
35,147,Conference behavior report responsibility ten laugh vote.,2024-06-27 02:19:59
12,83,Seek drop father.,2024-08-30 14:35:54
100,109,Tree everybody third across seem possible.,2024-09-07 09:30:34
66,86,Agree this from.,2024-03-15 11:26:26
78,24,Light never look attention center industry quickly.,2024-08-04 02:00:16
38,34,Lawyer physical production ball last.,2024-06-11 22:44:36
56,75,Risk individual east example yourself walk star.,2024-08-29 09:30:37
53,123,Personal while camera open reduce walk guy American.,2024-05-21 09:34:13
59,138,Outside anyone stuff girl.,2024-05-19 09:14:58
40,46,Political quality lawyer.,2024-09-09 20:25:19
28,26,Dark mouth agree upon someone matter.,2024-04-18 01:06:21
45,67,Choice occur traditional central keep.,2024-02-24 15:19:15
89,183,True ever analysis pick.,2024-09-18 20:05:32
20,139,Forward control west follow think.,2024-07-28 06:52:29
89,80,Indicate seven chance travel fly food at.,2024-05-24 09:03:57
96,55,Answer land indicate nation.,2024-04-16 12:02:08
90,11,Professional avoid especially old item feeling quality.,2024-09-02 10:49:05
30,196,Role friend federal unit money.,2024-04-01 05:05:40
40,22,Rich money fear wish election director middle example.,2024-06-08 05:05:59
94,101,Interesting week nice exactly put must morning.,2024-05-16 21:07:56
67,151,Space he baby policy.,2024-06-17 00:26:16
42,192,She full raise.,2024-02-28 23:40:31
99,54,Dream interview song.,2024-08-25 05:36:31
30,113,Investment article program sister join.,2024-04-17 00:32:45
1,27,Life game guess sport put.,2024-02-18 19:15:24
14,113,Tough key know when practice town.,2024-06-23 16:16:17
59,123,Alone apply military military.,2024-07-10 11:00:51
39,130,Water will common central health could none remember.,2024-03-17 22:48:47
41,96,Behind contain amount morning study.,2024-07-15 04:45:38
3,58,They food respond.,2024-09-27 02:58:47
100,25,Skin point hundred example those return reveal now.,2024-03-05 00:56:27
6,168,Sense list home manage task watch.,2024-06-05 14:19:32
21,87,Develop green shake local marriage.,2024-09-11 13:32:39
3,33,Tough discuss market change explain throw particularly matter.,2024-03-02 14:43:13
94,133,Fire buy to.,2024-08-15 17:55:33
60,131,Eye everybody purpose responsibility group dream.,2024-09-07 21:10:00
85,53,Reality Republican half mind decision.,2024-05-28 21:05:02
44,35,Mean city quite area board movement item news.,2024-06-30 19:00:51
67,126,Teacher general require approach least use.,2024-09-10 05:08:07
98,5,Around modern film wonder training.,2024-05-29 19:01:26
56,121,Person address wife.,2024-01-18 14:25:23
31,136,Perhaps strong anyone develop billion relationship.,2024-02-16 09:57:53
2,135,Then occur toward now feeling.,2024-02-27 04:18:21
5,172,Politics expert positive bill professional.,2024-03-10 14:03:40
60,76,Look admit say available.,2024-06-14 20:12:49
2,175,Half bed her age region push way human.,2024-10-12 17:39:51
48,48,Build take from.,2024-03-05 23:18:55
77,56,Dog decade hair agency identify program machine.,2024-03-07 16:36:26
21,87,Bill agency president much keep.,2024-06-02 03:05:45
18,44,Appear east late work service we four.,2024-04-26 03:58:02
22,59,Prove line as cold audience.,2024-05-04 21:41:29
85,56,Ball wonder sit alone walk turn energy.,2024-08-21 23:33:03
99,169,Dinner reason hear nation.,2024-04-05 08:07:27
50,52,Pay region report manager.,2024-04-25 23:10:54
16,197,Late free yeah five common.,2024-01-08 16:29:09
67,112,Impact risk statement friend impact home.,2024-07-31 18:57:32
62,123,Company nice cut program want what business.,2024-04-07 06:36:37
63,146,Sound do them there size.,2024-10-14 16:18:52
91,69,Adult relate figure exist fund.,2024-01-06 08:00:06
49,52,Clear thank might seven religious from public civil.,2024-09-08 13:00:33
49,112,Though page than local rather according.,2024-02-10 03:13:58
50,135,Level chance measure end market stay foot.,2024-03-03 13:19:34
2,187,Middle score media sense experience police city.,2024-10-03 17:15:03
42,104,Argue former among sound their important.,2024-06-13 12:52:52
94,29,Really news road society interest lot teach.,2024-06-22 01:06:22
15,97,Family water oil bank few hot interview Democrat.,2024-05-11 12:02:55
72,48,People rest keep course court laugh.,2024-08-27 21:16:43
8,133,Site me just what.,2024-02-25 19:01:23
94,41,Drug almost information win list difficult fall.,2024-09-22 11:38:31
92,152,Pull strong know score star.,2024-01-31 15:14:16
85,189,Once entire return become vote here.,2024-06-26 12:42:40
68,51,Discuss explain less result can knowledge.,2024-02-17 07:28:38
25,197,Meet size door forget.,2024-09-24 22:34:00
13,124,Visit building region wide carry themselves individual.,2024-08-30 08:02:29
78,1,Himself rest themselves summer high time two.,2024-05-18 02:02:53
27,163,Short measure behind tend deal however.,2024-06-21 04:36:35
5,29,Conference war when.,2024-09-23 12:58:05
5,52,Important report brother leg question forward.,2024-10-12 10:04:43
14,62,Official PM source.,2024-08-22 18:25:56
24,165,Political couple nothing.,2024-09-24 12:58:08
54,74,Staff leader power face.,2024-04-20 17:04:11
87,167,Carry indicate friend practice true unit political away.,2024-10-11 20:36:22
51,117,Those eat try language thank middle end.,2024-04-19 22:27:02
61,43,Story talk mention top party send.,2024-02-01 10:32:40
71,124,Good care beyond risk country research.,2024-07-04 02:35:06
94,141,Already begin some PM.,2024-08-31 18:17:36
57,43,Myself land police imagine north give.,2024-02-28 00:44:27
67,117,Reach land talk born.,2024-08-11 13:05:00
38,163,Woman test choice thousand pretty hospital really.,2024-03-22 16:53:41
99,10,Political street rise drop from.,2024-06-18 11:52:42
1,7,More other stand defense life over clearly.,2024-07-27 18:45:00
3,177,Win head system live run deal.,2024-01-27 08:51:24
79,127,Of magazine sell guy amount feel choice.,2024-06-23 02:34:01
81,175,System new performance true call pattern draw.,2024-09-12 20:59:17
24,114,Hot work suffer share trade career.,2024-08-06 01:42:47
5,156,Walk job option teacher.,2024-08-07 00:46:55
87,86,Give figure daughter assume ability teach.,2024-10-02 18:02:59
80,186,Executive magazine here tree thought drive choose.,2024-05-09 13:14:47
50,57,Television radio everyone fall today mind.,2024-05-14 07:15:51
82,142,Cell work way.,2024-10-06 04:14:05
6,47,None around much cut race.,2024-07-07 14:56:54
86,114,Court heavy among.,2024-01-05 21:20:01
47,167,Hear interview pick.,2024-09-17 04:16:58
93,130,Street also wrong wrong.,2024-01-11 23:02:22
55,47,Eight letter case that remain from song.,2024-01-25 03:28:32
100,43,Me recently street his.,2024-05-17 00:35:17
83,198,Artist deal wide study imagine.,2024-02-02 04:51:43
95,92,Close matter kid can up station herself sure.,2024-08-14 22:43:55
73,40,High main own argue realize good young.,2024-08-22 23:27:22
